scenario_id	scenario_index	family	target_events	replicates	target_train_n	target_test_n	recipe_path	recipe_sha256	recipe_size_bytes
CORE_0000	0	CORE_PHASE_DIAGRAM	5	200	8	500	simulations\05b\recipes\CORE_0000.npz	bc5f8801c1a1d885ee1368eca3f26aeeac4c28a6a7ba4f31e17ecac8bbc1d649	57758
CORE_0001	1	CORE_PHASE_DIAGRAM	5	200	8	500	simulations\05b\recipes\CORE_0001.npz	850f7888ac48c158d3cd8b734a702f53cb24ad146aaac87460fe2db5cde3bbca	58360
CORE_0002	2	CORE_PHASE_DIAGRAM	5	200	8	500	simulations\05b\recipes\CORE_0002.npz	f8e70a46ec1942e502695cc0bce26a7c1e44d429fc1feceacc308a32a20db1b3	57186
CORE_0003	3	CORE_PHASE_DIAGRAM	5	200	8	500	simulations\05b\recipes\CORE_0003.npz	c542db1dc43773b9c022a81a67ccad341bbb85e6a1005ee60bef0b62c1359028	56427
CORE_0004	4	CORE_PHASE_DIAGRAM	5	200	8	500	simulations\05b\recipes\CORE_0004.npz	357ed5bce928e48bb97ba9278af667157a7543d40fa6bb9b1c2fbfdd2a1605fb	54956
CORE_0005	5	CORE_PHASE_DIAGRAM	5	200	8	500	simulations\05b\recipes\CORE_0005.npz	3d259b1646d411579d00ce56951057c0bfa84ca8100e5aaed4c79e1a7ebd535a	59425
CORE_0006	6	CORE_PHASE_DIAGRAM	10	200	17	500	simulations\05b\recipes\CORE_0006.npz	a9ecfd8ca1af033503db2c81bc73684b3d68802a1f6be58eabba10cb3d0c16d0	57791
CORE_0007	7	CORE_PHASE_DIAGRAM	10	200	17	500	simulations\05b\recipes\CORE_0007.npz	1f47764c87d525adad445761545f7bcf1bb9d96a324d3ac527cba3e9763129f1	58424
CORE_0008	8	CORE_PHASE_DIAGRAM	10	200	17	500	simulations\05b\recipes\CORE_0008.npz	7fe3c6b50f08397a98b4e6e56a8947bd25d15369e04a690a0ed597e8db676df5	57204
CORE_0009	9	CORE_PHASE_DIAGRAM	10	200	17	500	simulations\05b\recipes\CORE_0009.npz	99f9b84efcb9d71e11a1d1fa8fc84eda2cdb892f29a9a3ef07bed98fe30db824	56281
CORE_0010	10	CORE_PHASE_DIAGRAM	10	200	17	500	simulations\05b\recipes\CORE_0010.npz	779da5d030dd0730021b0f46fe83887a82905a43a33febce2d97eb80f74e4e42	55003
CORE_0011	11	CORE_PHASE_DIAGRAM	10	200	17	500	simulations\05b\recipes\CORE_0011.npz	873070c535b65cd37e52fc4d0fd82dc209a9e018bafc62b5146aeef74db0f53e	59425
CORE_0012	12	CORE_PHASE_DIAGRAM	15	200	25	500	simulations\05b\recipes\CORE_0012.npz	db5ae2c8ea5c5bc0fe98b3c7bf57efb0aa08d823ed01539da1b0dad90eb0b52b	57753
CORE_0013	13	CORE_PHASE_DIAGRAM	15	200	25	500	simulations\05b\recipes\CORE_0013.npz	647beaef75d29aec1f6ea2b1278c22e24b793d1aaad577300faec12d911fae6f	58468
CORE_0014	14	CORE_PHASE_DIAGRAM	15	200	25	500	simulations\05b\recipes\CORE_0014.npz	a0b6200b8053e1ebbb362e7430d4c8108b19d07e461f05996c7e5d7417737ef4	57280
CORE_0015	15	CORE_PHASE_DIAGRAM	15	200	25	500	simulations\05b\recipes\CORE_0015.npz	8d1c6c62acda689bd2047560bc1095abbd615cf2424dd9a9794f45c53fd926b2	56419
CORE_0016	16	CORE_PHASE_DIAGRAM	15	200	25	500	simulations\05b\recipes\CORE_0016.npz	42539681f2d66bde4ff100a9382cfb1b882fd30674c8d8ecd0c2f06eb345f05a	54964
CORE_0017	17	CORE_PHASE_DIAGRAM	15	200	25	500	simulations\05b\recipes\CORE_0017.npz	608e18648a439a149c14ca402c739c4f191e7852bd22c047e6d9c3546b29a3d5	59483
CORE_0018	18	CORE_PHASE_DIAGRAM	20	200	33	500	simulations\05b\recipes\CORE_0018.npz	98409cd0bc4943d73d58ea47199cffc5cbe50aa188c1de4b35fd21aab7e0b6a5	57730
CORE_0019	19	CORE_PHASE_DIAGRAM	20	200	33	500	simulations\05b\recipes\CORE_0019.npz	80b525b8264ab596f1bf42d4311c9f4ca158aa94520fe9235a6a8ffeaf0f764b	58295
CORE_0020	20	CORE_PHASE_DIAGRAM	20	200	33	500	simulations\05b\recipes\CORE_0020.npz	b9555c704c274c6b641e4d68ea3d4af4c0ae5d644f4f190a0b11e1ffccb91e98	57380
CORE_0021	21	CORE_PHASE_DIAGRAM	20	200	33	500	simulations\05b\recipes\CORE_0021.npz	d002b1ebcb7a4061a0273f2c4d19e6fef189265d3177743382d06bc392f619e3	56352
CORE_0022	22	CORE_PHASE_DIAGRAM	20	200	33	500	simulations\05b\recipes\CORE_0022.npz	8a007a9ab416a07c2e78e408a4fee962dec6fbe9dffeb2531c7920203ae54caf	54962
CORE_0023	23	CORE_PHASE_DIAGRAM	20	200	33	500	simulations\05b\recipes\CORE_0023.npz	66f14cfe41ac7bce2af084990678310dd5908e3163d9360967aca1ed0ec22779	59413
CORE_0024	24	CORE_PHASE_DIAGRAM	29	200	48	500	simulations\05b\recipes\CORE_0024.npz	e7863df0c2cd4a1a584cfc94754955b82f20c6c1289bd3626a39837b09a85e0e	57773
CORE_0025	25	CORE_PHASE_DIAGRAM	29	200	48	500	simulations\05b\recipes\CORE_0025.npz	a214f7d88984c0b31acd70fd1a8b340f27e7ca88b0d15d29959c3fd8fac6bea0	58538
CORE_0026	26	CORE_PHASE_DIAGRAM	29	200	48	500	simulations\05b\recipes\CORE_0026.npz	f5960d848c71c5a324d32f2e932106307aa77bebad9a809d95dbf1cd8746535d	57181
CORE_0027	27	CORE_PHASE_DIAGRAM	29	200	48	500	simulations\05b\recipes\CORE_0027.npz	99c6e3ac619f59408f3135ef1606e4c2b6fb09d63ceff669a43faa33e2ec3bfd	56318
CORE_0028	28	CORE_PHASE_DIAGRAM	29	200	48	500	simulations\05b\recipes\CORE_0028.npz	8749a9ef0c592e46501a580b7dee28016b31d561135a053e45262f7bb85b6ea7	55039
CORE_0029	29	CORE_PHASE_DIAGRAM	29	200	48	500	simulations\05b\recipes\CORE_0029.npz	f020f405f931fdd42c7a01adae71971f6897a548bd6bec59974029f1df2599a3	59433
CORE_0030	30	CORE_PHASE_DIAGRAM	40	200	67	500	simulations\05b\recipes\CORE_0030.npz	b775e12e4b995f7b645b50eb1c8ed4c9ba33e13858123857f20e58b8a04adb6e	57714
CORE_0031	31	CORE_PHASE_DIAGRAM	40	200	67	500	simulations\05b\recipes\CORE_0031.npz	04ab3502c202083cbddbdd0b269c34fe7e3e04c529f95525423488c2aa5c6b02	58464
CORE_0032	32	CORE_PHASE_DIAGRAM	40	200	67	500	simulations\05b\recipes\CORE_0032.npz	c6266ec71e65b6942c98ceba5b144f6a96739cade7a5ada68d59dfb12b2d3b1c	57285
CORE_0033	33	CORE_PHASE_DIAGRAM	40	200	67	500	simulations\05b\recipes\CORE_0033.npz	aaacf28b9e669a495580393f14065d901f39888918c0d1abe7886bdf3a780b28	56436
CORE_0034	34	CORE_PHASE_DIAGRAM	40	200	67	500	simulations\05b\recipes\CORE_0034.npz	bb62ffbd989f9595986e3cf3cde393d6ab0a8b44c36c46ca0bbb2b13cbde7ca0	54961
CORE_0035	35	CORE_PHASE_DIAGRAM	40	200	67	500	simulations\05b\recipes\CORE_0035.npz	cf29eb00d8869cfaeab8146f355f5bc266db0a441bdb566b94a68e2d91434e84	59491
STRESS_0036	36	SHIFT_CENSOR_STRESS	10	100	12	500	simulations\05b\recipes\STRESS_0036.npz	d5b21b7ae73cee05e48e053d14822d3facae970c412515187f31834508a188f6	29960
STRESS_0037	37	SHIFT_CENSOR_STRESS	10	100	17	500	simulations\05b\recipes\STRESS_0037.npz	e5ce327cfe4d34a5f7557fe19fd59ddae8dfe13f602704424e732264671a6f03	29940
STRESS_0038	38	SHIFT_CENSOR_STRESS	10	100	25	500	simulations\05b\recipes\STRESS_0038.npz	f85dfa859bc21e8541a39d12c7f92a1dbe81bedbf5fb4c22eb35c888a2e88ed9	30038
STRESS_0039	39	SHIFT_CENSOR_STRESS	10	100	12	500	simulations\05b\recipes\STRESS_0039.npz	5ee7d6ac2107ac42279ea9cc18a69b1262e1de822dc1d61abb518ac6bdf9f27c	29940
STRESS_0040	40	SHIFT_CENSOR_STRESS	10	100	17	500	simulations\05b\recipes\STRESS_0040.npz	8785f10f7920e8af6b58c5200f07bbbdeeab9210e74db5c8845692ec70d8c2b0	29891
STRESS_0041	41	SHIFT_CENSOR_STRESS	10	100	25	500	simulations\05b\recipes\STRESS_0041.npz	28a0004ec8a053d77816aa5c09479243549e1cdf16c4d9af61afcd6ee55be76a	29854
STRESS_0042	42	SHIFT_CENSOR_STRESS	10	100	12	500	simulations\05b\recipes\STRESS_0042.npz	f1d13e761230ce32b9d0add70b66d9919b4bc6cacfdd1980c8f21e42de5013a8	29861
STRESS_0043	43	SHIFT_CENSOR_STRESS	10	100	17	500	simulations\05b\recipes\STRESS_0043.npz	fd4350c7371a574ac4a92bd9a0909ba5ed61b9fd58c97491d09788e093e1ea97	29898
STRESS_0044	44	SHIFT_CENSOR_STRESS	10	100	25	500	simulations\05b\recipes\STRESS_0044.npz	ab7ed28aa6e6a5fd7791d2d63032f5360f8de08be65f2a4db46bc70a1da2061b	29946
STRESS_0045	45	MAPPING_PRIOR_STRESS	10	100	17	500	simulations\05b\recipes\STRESS_0045.npz	8600cdbb6467e576670a0a7d97d420ed7002929095c665c9585bae862edbb204	29928
STRESS_0046	46	MAPPING_PRIOR_STRESS	10	100	17	500	simulations\05b\recipes\STRESS_0046.npz	3c207dc10d2506c053e19d776c7d61abf9418fd0e72973c5bb532f3172463f6c	29583
STRESS_0047	47	MAPPING_PRIOR_STRESS	10	100	17	500	simulations\05b\recipes\STRESS_0047.npz	2506e5ef17056d594e69dec95c1ece822173657a54497492368107aca2e8b4a2	29942
STRESS_0048	48	MAPPING_PRIOR_STRESS	10	100	17	500	simulations\05b\recipes\STRESS_0048.npz	966fc81f7139c3b0d8de4a53abcde1771b33a3a59dc8ec3b48e2f3491a6ad7ea	31248
STRESS_0049	49	MAPPING_PRIOR_STRESS	10	100	17	500	simulations\05b\recipes\STRESS_0049.npz	466685260766bdea8eb77a99e17d26f69beffcbac4969465797cc1539dfaec1d	30847
STRESS_0050	50	MAPPING_PRIOR_STRESS	10	100	17	500	simulations\05b\recipes\STRESS_0050.npz	91c6379a3286acc877a0309231cc032b3184490e303ab4a57f04c3047d763f16	31183
STRESS_0051	51	MAPPING_PRIOR_STRESS	10	100	17	500	simulations\05b\recipes\STRESS_0051.npz	01948ff0dd567f85a1a09c02e6f2f353b17f084257d7dfb07b5aebb59dcd6e2a	32080
STRESS_0052	52	MAPPING_PRIOR_STRESS	10	100	17	500	simulations\05b\recipes\STRESS_0052.npz	60beb0b022a0b6cba26cb260a8d57d1fd2cc044d7a9eb0544675294093c342f4	31987
STRESS_0053	53	MAPPING_PRIOR_STRESS	10	100	17	500	simulations\05b\recipes\STRESS_0053.npz	6509952e86842849a7885a87bf1ab43976f6fb41e6c7ba2710e398c6496371cd	32165
STRESS_0054	54	SHIFT_CENSOR_STRESS	10	100	12	500	simulations\05b\recipes\STRESS_0054.npz	749e653e1f9b83ac599660f83e6809ebe8229f6e67d691375b57228d4ca06b9e	31001
STRESS_0055	55	SHIFT_CENSOR_STRESS	10	100	17	500	simulations\05b\recipes\STRESS_0055.npz	17509f3a5b9b6161f057ad6d4efbae809219f69f1122d1db5650d2cffbff28bc	30995
STRESS_0056	56	SHIFT_CENSOR_STRESS	10	100	25	500	simulations\05b\recipes\STRESS_0056.npz	e2c39c5e041eeef228e98f99ab0195b044304812de027eca96d12944ad87d62a	31015
STRESS_0057	57	SHIFT_CENSOR_STRESS	10	100	12	500	simulations\05b\recipes\STRESS_0057.npz	682cb1fca9bc1ae9a7165c4132ee5ffbecc4d25650583f69506b8b11eb9d9f16	30989
STRESS_0058	58	SHIFT_CENSOR_STRESS	10	100	17	500	simulations\05b\recipes\STRESS_0058.npz	302eb6f88c24f24f211b1f3166c7ad9626924ee7d03796e321f37d363b4d26cc	31026
STRESS_0059	59	SHIFT_CENSOR_STRESS	10	100	25	500	simulations\05b\recipes\STRESS_0059.npz	3d0e809c8361b74fbeb62813981fc5ff7dad1e7225a8a3dab11c5f7df56d3a6c	31031
STRESS_0060	60	SHIFT_CENSOR_STRESS	10	100	12	500	simulations\05b\recipes\STRESS_0060.npz	4882947ca6ee0915aa0fc53d0b43de59a7bcfcb89690d4f6bf708e8f87ecf259	31023
STRESS_0061	61	SHIFT_CENSOR_STRESS	10	100	17	500	simulations\05b\recipes\STRESS_0061.npz	b4a3b988accf21af0d9ecac163104745c3d70aa81b99c424103693bbf97426b0	30958
STRESS_0062	62	SHIFT_CENSOR_STRESS	10	100	25	500	simulations\05b\recipes\STRESS_0062.npz	0fcabdff7f5d59da5fb1b5b67a4c8afa17bd637a612fa07bdf93ee46be0c65b9	30978
STRESS_0063	63	MAPPING_PRIOR_STRESS	10	100	17	500	simulations\05b\recipes\STRESS_0063.npz	520df034c3cff97265e7bbb3d3e78fb74a77166124720a4652db4140416ce69d	30950
STRESS_0064	64	MAPPING_PRIOR_STRESS	10	100	17	500	simulations\05b\recipes\STRESS_0064.npz	cf1af310dfd933297eaf58f0cc7fbdbe813a8d512f3b2876551e65c860cb5fdd	30799
STRESS_0065	65	MAPPING_PRIOR_STRESS	10	100	17	500	simulations\05b\recipes\STRESS_0065.npz	a8af9ef1ab0336414ec54285146973c7c8bd40dbd700d31b62506bba72c59513	30194
STRESS_0066	66	MAPPING_PRIOR_STRESS	10	100	17	500	simulations\05b\recipes\STRESS_0066.npz	0d04a6d660e108cc1b1def26774ad0c9517d738b988f52680a110933b344802a	32237
STRESS_0067	67	MAPPING_PRIOR_STRESS	10	100	17	500	simulations\05b\recipes\STRESS_0067.npz	21a51224f145616fa08c751d4389f4602c2064a09ff85018b0dd494af57fe15a	32054
STRESS_0068	68	MAPPING_PRIOR_STRESS	10	100	17	500	simulations\05b\recipes\STRESS_0068.npz	ea6cf899ad7f122a9d66561fea7d020da25c50d4c2c8d30cfecdaf423a16ccfc	31448
STRESS_0069	69	MAPPING_PRIOR_STRESS	10	100	17	500	simulations\05b\recipes\STRESS_0069.npz	f6ee33790f64aee0fdeb19c4a8eb751aa50c1535d440113ba2c76a5a14b5d61f	33271
STRESS_0070	70	MAPPING_PRIOR_STRESS	10	100	17	500	simulations\05b\recipes\STRESS_0070.npz	92d834d0f39128b9fcc8bbfa78207cade4c732d2b259d35908d5e2bca8a629cd	33078
STRESS_0071	71	MAPPING_PRIOR_STRESS	10	100	17	500	simulations\05b\recipes\STRESS_0071.npz	c18a5057462d395c5498c5bf2fc7931107488098ce6f425c4e6fa457d586cb2d	32417
STRESS_0072	72	SHIFT_CENSOR_STRESS	15	100	19	500	simulations\05b\recipes\STRESS_0072.npz	64dd94ae5cf4cbb78f9e14e3edf5999177a953574468cf1264fa5644d1c36b75	29946
STRESS_0073	73	SHIFT_CENSOR_STRESS	15	100	25	500	simulations\05b\recipes\STRESS_0073.npz	cd9364edb03cee5e3a021c0ae63bf3b384db64c1fc5b8ecef016b0c3a4f07d1e	29938
STRESS_0074	74	SHIFT_CENSOR_STRESS	15	100	38	500	simulations\05b\recipes\STRESS_0074.npz	4a9d68288bef90a98b6983058bcd927e1f3c7d176039b0cc4614b22fa413103d	29924
STRESS_0075	75	SHIFT_CENSOR_STRESS	15	100	19	500	simulations\05b\recipes\STRESS_0075.npz	dde4dbac74e4c06f3cf5df0cfa2de1324279571db88b09f33660f5309068573e	29878
STRESS_0076	76	SHIFT_CENSOR_STRESS	15	100	25	500	simulations\05b\recipes\STRESS_0076.npz	e88221d204a941f158811a140afb1e5c5eafff6b3db67893dd140a55b310938a	29963
STRESS_0077	77	SHIFT_CENSOR_STRESS	15	100	38	500	simulations\05b\recipes\STRESS_0077.npz	b6ebc2510076c469982e7af7db6b67a8ace39ca485dd4c001d01557c5cffe498	29826
STRESS_0078	78	SHIFT_CENSOR_STRESS	15	100	19	500	simulations\05b\recipes\STRESS_0078.npz	3fec58ee5b190724356c84634fc6fd796d3b6391627f70f965718e9a23bab97c	29891
STRESS_0079	79	SHIFT_CENSOR_STRESS	15	100	25	500	simulations\05b\recipes\STRESS_0079.npz	a79aca7b78e152fc5ada8ad29d59cdbe02c2d9552b4a29cfa54745c2a70769d2	29997
STRESS_0080	80	SHIFT_CENSOR_STRESS	15	100	38	500	simulations\05b\recipes\STRESS_0080.npz	b75bde9ea99f1f95fdf90da61064c6a7e102ce67574b269d8a7992a7be47c382	29980
STRESS_0081	81	MAPPING_PRIOR_STRESS	15	100	25	500	simulations\05b\recipes\STRESS_0081.npz	0295e3407d2c62e3b5f2c4d74ada7333fdaa6969216ffc2b4b79b444561b12b7	29914
STRESS_0082	82	MAPPING_PRIOR_STRESS	15	100	25	500	simulations\05b\recipes\STRESS_0082.npz	3ba7b97938d2044d9970ec1c0c6648b004b8cf7549d4aee7267e7c26510c9a03	29782
STRESS_0083	83	MAPPING_PRIOR_STRESS	15	100	25	500	simulations\05b\recipes\STRESS_0083.npz	4785d113dcb4dd6f359389bd45dd27de5a7f978141101b433c52d8e92d5cf3a9	29936
STRESS_0084	84	MAPPING_PRIOR_STRESS	15	100	25	500	simulations\05b\recipes\STRESS_0084.npz	48ec2931b0ada12970cc1e2c79c5bc871093a2578428f20f1772eb24e48b3b80	31176
STRESS_0085	85	MAPPING_PRIOR_STRESS	15	100	25	500	simulations\05b\recipes\STRESS_0085.npz	88ab5592d20fd8a627b82ac5d3ffbffd3722aa1ced64891d0710dd8176733b1e	30863
STRESS_0086	86	MAPPING_PRIOR_STRESS	15	100	25	500	simulations\05b\recipes\STRESS_0086.npz	cfeac86a9f112f493ae64bdaad25c2f9157835ab22c8605a7935a9cb88a4de2c	31294
STRESS_0087	87	MAPPING_PRIOR_STRESS	15	100	25	500	simulations\05b\recipes\STRESS_0087.npz	e2103bd42d0fe4be1653ba9251d1c0f4926bc4c1ef29cc9c1b778b92dc402537	32303
STRESS_0088	88	MAPPING_PRIOR_STRESS	15	100	25	500	simulations\05b\recipes\STRESS_0088.npz	a6d2e57c82387aabe3eab838d7581f9ab0f337fc309d7e974cdf68163f620608	31987
STRESS_0089	89	MAPPING_PRIOR_STRESS	15	100	25	500	simulations\05b\recipes\STRESS_0089.npz	9d19bdeb5b521d2935b340d7db26b66ae83700a5bf664fe0f5dc78b72417b646	32057
STRESS_0090	90	SHIFT_CENSOR_STRESS	15	100	19	500	simulations\05b\recipes\STRESS_0090.npz	68d468b9d2332d4f20987bf6661dd9b0059f72ab0966e4749da6404c0baedd9d	31000
STRESS_0091	91	SHIFT_CENSOR_STRESS	15	100	25	500	simulations\05b\recipes\STRESS_0091.npz	23d59bfd7ca0fc2a6d6611cab4a223271d2920950bd970aa2df1046f1e0aff6c	31000
STRESS_0092	92	SHIFT_CENSOR_STRESS	15	100	38	500	simulations\05b\recipes\STRESS_0092.npz	7028e1137226609db1b7a2e6eddbd56e40f1ff10c9ab4aa2061df85e0594950f	30943
STRESS_0093	93	SHIFT_CENSOR_STRESS	15	100	19	500	simulations\05b\recipes\STRESS_0093.npz	20990b7d430f1c0451efe5bde1cb1128dbc4e2e15cd5a64a63b8016539991e98	30952
STRESS_0094	94	SHIFT_CENSOR_STRESS	15	100	25	500	simulations\05b\recipes\STRESS_0094.npz	d164dd6e6fcd83fca503c716b6cc7f9da7f9ed07b2a53270df9aeaa3b1885699	30951
STRESS_0095	95	SHIFT_CENSOR_STRESS	15	100	38	500	simulations\05b\recipes\STRESS_0095.npz	326e3d17ed1ed71e94ad541f30575b7078aa3be7120fe40c5c8e8da2a7e1f282	30999
STRESS_0096	96	SHIFT_CENSOR_STRESS	15	100	19	500	simulations\05b\recipes\STRESS_0096.npz	ee5a9d729d5db215f078f9383f56dbb96c868a734c013319738f2e849434ffd4	30962
STRESS_0097	97	SHIFT_CENSOR_STRESS	15	100	25	500	simulations\05b\recipes\STRESS_0097.npz	16a82e6bd5d56395e1bb2c5d4b28febc09032beff358f3dc8dee932399921971	30981
STRESS_0098	98	SHIFT_CENSOR_STRESS	15	100	38	500	simulations\05b\recipes\STRESS_0098.npz	eae1a0efe81350c44c4ab2005034ceb1050e99e72923dee3c01e54bba48ad6ea	31046
STRESS_0099	99	MAPPING_PRIOR_STRESS	15	100	25	500	simulations\05b\recipes\STRESS_0099.npz	255d89761ffa2a14018e8a1015dafc3172bfa4614cb57935a732842932b650f8	31014
STRESS_0100	100	MAPPING_PRIOR_STRESS	15	100	25	500	simulations\05b\recipes\STRESS_0100.npz	342d6e6c2496c845fc1665b82899f4b71ef1a0a6eabe8f5dd49fa30997f7aaf1	30782
STRESS_0101	101	MAPPING_PRIOR_STRESS	15	100	25	500	simulations\05b\recipes\STRESS_0101.npz	2374cd44ee3945454787336df6af2e88914ce2615cf94fb68ab37c00d810f710	30121
STRESS_0102	102	MAPPING_PRIOR_STRESS	15	100	25	500	simulations\05b\recipes\STRESS_0102.npz	3125da63bf9b8acde3d563c6d55ab95e0d91ed11c55c72653141c135eca48a44	32223
STRESS_0103	103	MAPPING_PRIOR_STRESS	15	100	25	500	simulations\05b\recipes\STRESS_0103.npz	a5dd54bc16f757b673ead86f45dc6eb126c023d6faef37fad9aeec8a2e967a8b	32071
STRESS_0104	104	MAPPING_PRIOR_STRESS	15	100	25	500	simulations\05b\recipes\STRESS_0104.npz	1217ee6a2a76d7ff801da91af09ad566ab46b47b58c55e5f4d4a1428db539131	31371
STRESS_0105	105	MAPPING_PRIOR_STRESS	15	100	25	500	simulations\05b\recipes\STRESS_0105.npz	d58811185cf4152afe3eaa25b572390458e66d69759c91743b8987dfb94dd2a1	33330
STRESS_0106	106	MAPPING_PRIOR_STRESS	15	100	25	500	simulations\05b\recipes\STRESS_0106.npz	0f4151a63ab6e2eff6d5532b6802849ed83646e3a35ff6be44e6947b0ba53027	33131
STRESS_0107	107	MAPPING_PRIOR_STRESS	15	100	25	500	simulations\05b\recipes\STRESS_0107.npz	09a1616de13b613d62a5be42e21a663fb2ddc7704451c5ef098703cf63684108	32416
STRESS_0108	108	SHIFT_CENSOR_STRESS	29	100	36	500	simulations\05b\recipes\STRESS_0108.npz	c521c6368693fd9d9a3f9e6bdb4535c5a27c1608a8b321913fba413a6109d28d	29897
STRESS_0109	109	SHIFT_CENSOR_STRESS	29	100	48	500	simulations\05b\recipes\STRESS_0109.npz	7293263bd618bec5acca5822241105a5e5dc67f74fa55b116b2a148bc98578c7	29955
STRESS_0110	110	SHIFT_CENSOR_STRESS	29	100	72	500	simulations\05b\recipes\STRESS_0110.npz	564e022f10b451962a403e935fd9091adf657c6b3881cfe79813319b1e8594ca	30006
STRESS_0111	111	SHIFT_CENSOR_STRESS	29	100	36	500	simulations\05b\recipes\STRESS_0111.npz	ea6675813e45b16f739ae6ce062c6d0847cf22fbccb7f04a09a2dcd7eba08353	29932
STRESS_0112	112	SHIFT_CENSOR_STRESS	29	100	48	500	simulations\05b\recipes\STRESS_0112.npz	b3569675a6578e9cafb48f497a1eefe06ecb587ae2080d7d847f6bb39a3c4672	29949
STRESS_0113	113	SHIFT_CENSOR_STRESS	29	100	72	500	simulations\05b\recipes\STRESS_0113.npz	9bd422f74b8359260259d313d236bf7002dc964fb50a788bf2b4871556e3212e	29882
STRESS_0114	114	SHIFT_CENSOR_STRESS	29	100	36	500	simulations\05b\recipes\STRESS_0114.npz	daf09e7bf3fa81b65eee477a99a7f1c6798f4894533219831391688cb97ed263	30052
STRESS_0115	115	SHIFT_CENSOR_STRESS	29	100	48	500	simulations\05b\recipes\STRESS_0115.npz	7b0ab173779af03644f236e56c60df943fa3e29ba64592f4dba6f2453cbd3185	29963
STRESS_0116	116	SHIFT_CENSOR_STRESS	29	100	72	500	simulations\05b\recipes\STRESS_0116.npz	3c48fb4b0cc67ae545dc552d6e1d3636ad58c0e6b14a836a48d3078313f22808	29948
STRESS_0117	117	MAPPING_PRIOR_STRESS	29	100	48	500	simulations\05b\recipes\STRESS_0117.npz	584ca84a92a2fc05ccd1b7ed13a2c6b3136949f00530b3500fe3a67a00abfe04	29888
STRESS_0118	118	MAPPING_PRIOR_STRESS	29	100	48	500	simulations\05b\recipes\STRESS_0118.npz	eddcbffc4ec310c7605463cd17da1f7298f0aa68213faba2117d097fad830b9c	29622
STRESS_0119	119	MAPPING_PRIOR_STRESS	29	100	48	500	simulations\05b\recipes\STRESS_0119.npz	59e644cf859571e29d32ff8a14db34128510b04520a7864d4db887beb745a20c	29923
STRESS_0120	120	MAPPING_PRIOR_STRESS	29	100	48	500	simulations\05b\recipes\STRESS_0120.npz	658e901b28eacf6d2e24663a97effd33f7a5b1d9405ce5ea75508638fe9bc2e7	31081
STRESS_0121	121	MAPPING_PRIOR_STRESS	29	100	48	500	simulations\05b\recipes\STRESS_0121.npz	7026071492ccd3a1a46e117221b6a82404fc7f895553342a6eadf0eefc74e573	30835
STRESS_0122	122	MAPPING_PRIOR_STRESS	29	100	48	500	simulations\05b\recipes\STRESS_0122.npz	be4a87d0626a31cbf555395952574bc3aecbe451c4545422f0032b542075d2f2	31185
STRESS_0123	123	MAPPING_PRIOR_STRESS	29	100	48	500	simulations\05b\recipes\STRESS_0123.npz	bfbbb418f66dcdaca091da030c14781c7af842a9b952ffab0004d834cfd67a3a	32233
STRESS_0124	124	MAPPING_PRIOR_STRESS	29	100	48	500	simulations\05b\recipes\STRESS_0124.npz	cf4f9c4f312d4ac1e42e7a63a68e57aef345787fbc02d09cc73af3a76e50faba	31858
STRESS_0125	125	MAPPING_PRIOR_STRESS	29	100	48	500	simulations\05b\recipes\STRESS_0125.npz	8837ef1c9b2a3f035cf82b96f4fc5eb425d34878a96421484f09a9e83882ca54	32091
STRESS_0126	126	SHIFT_CENSOR_STRESS	29	100	36	500	simulations\05b\recipes\STRESS_0126.npz	c317e0fa592396024cd5f5e8b68b0a71b3e2f39bfe47db370aff8e89f0c95d97	31067
STRESS_0127	127	SHIFT_CENSOR_STRESS	29	100	48	500	simulations\05b\recipes\STRESS_0127.npz	87e2ab71d60f13b0d0354bab7faea99862dd3533d64d107f0b0aa6584d1c1b80	30992
STRESS_0128	128	SHIFT_CENSOR_STRESS	29	100	72	500	simulations\05b\recipes\STRESS_0128.npz	be675ad567367a53611b1a9afd06a9721a3826a137a9e726fa548d751c1858fb	31023
STRESS_0129	129	SHIFT_CENSOR_STRESS	29	100	36	500	simulations\05b\recipes\STRESS_0129.npz	3ed7deb619dacc3dc3c604e4724ee31b018f42d81e4b04ca567157f38b275a4b	31016
STRESS_0130	130	SHIFT_CENSOR_STRESS	29	100	48	500	simulations\05b\recipes\STRESS_0130.npz	ca23a7aefb83f9af8e784572ca028c464bdccbf5d58154a15fa07e6e52699bc6	30989
STRESS_0131	131	SHIFT_CENSOR_STRESS	29	100	72	500	simulations\05b\recipes\STRESS_0131.npz	a6061b6b03830340eaa3915c739088db5c15ce1ed1450842807e2d2e8e9f588e	30972
STRESS_0132	132	SHIFT_CENSOR_STRESS	29	100	36	500	simulations\05b\recipes\STRESS_0132.npz	d6e430e014d1fa45b550458f759e0e0deb6560fbdcefff2efa920ce80f856d21	30969
STRESS_0133	133	SHIFT_CENSOR_STRESS	29	100	48	500	simulations\05b\recipes\STRESS_0133.npz	4f67123a517e43727a56b7d73ebd10f8b31392c7e9b86c19e7ae06aa44622099	31012
STRESS_0134	134	SHIFT_CENSOR_STRESS	29	100	72	500	simulations\05b\recipes\STRESS_0134.npz	3bc7db0db1d0ed7280228efe4d68aa3810f9dbd8912db080c962f005913f5add	31015
STRESS_0135	135	MAPPING_PRIOR_STRESS	29	100	48	500	simulations\05b\recipes\STRESS_0135.npz	07fe4c35b3165ace9fd16fcfb3538822a663279be39ddaa63374b2277d9ed478	30932
STRESS_0136	136	MAPPING_PRIOR_STRESS	29	100	48	500	simulations\05b\recipes\STRESS_0136.npz	6c079aa55493ebefaabbffd20997c549a94f1347650024bc578a8246bfa60128	30785
STRESS_0137	137	MAPPING_PRIOR_STRESS	29	100	48	500	simulations\05b\recipes\STRESS_0137.npz	91ab38ab9c033bdd6f8ba14b42519b599ccf3e24e916c38808ff31bfa335f38c	30180
STRESS_0138	138	MAPPING_PRIOR_STRESS	29	100	48	500	simulations\05b\recipes\STRESS_0138.npz	418b7996b88d68c55ed365e114ead1ef18998d63051141ea61800ed03e3fc3a3	32214
STRESS_0139	139	MAPPING_PRIOR_STRESS	29	100	48	500	simulations\05b\recipes\STRESS_0139.npz	2631f349badeec0c7cd61794551366998219c74c2c9267df13dc0857dfdaa963	32091
STRESS_0140	140	MAPPING_PRIOR_STRESS	29	100	48	500	simulations\05b\recipes\STRESS_0140.npz	a00d7b4e80c59f4ba6043110aab6362c6fe44a21f66c7e3c375e6b517ecbf3d3	31453
STRESS_0141	141	MAPPING_PRIOR_STRESS	29	100	48	500	simulations\05b\recipes\STRESS_0141.npz	e0bde70ae9ce1eda1fe9933e34ad69e575fe9301509e6fd04e7e402986083b0a	33225
STRESS_0142	142	MAPPING_PRIOR_STRESS	29	100	48	500	simulations\05b\recipes\STRESS_0142.npz	4c7b7ad249ebbba710968bc5b4d1894f41f9f2034c3c1da37a1e5de63a74055f	33103
STRESS_0143	143	MAPPING_PRIOR_STRESS	29	100	48	500	simulations\05b\recipes\STRESS_0143.npz	e8b27d0fcbc08c43fa7c118d99a20e4dae9d1c68da36d386a8c84effea31fb96	32363
STRESS_0144	144	SHIFT_CENSOR_STRESS	40	100	50	500	simulations\05b\recipes\STRESS_0144.npz	154803b6cafed654251dbc8295d5c86d168990b7e7ccbe421e218beb537bd786	29934
STRESS_0145	145	SHIFT_CENSOR_STRESS	40	100	67	500	simulations\05b\recipes\STRESS_0145.npz	16e77e9169c2619f116f4ae07637f8cfdbd96ec8e56055e4d9ed56d9a4998a75	30032
STRESS_0146	146	SHIFT_CENSOR_STRESS	40	100	100	500	simulations\05b\recipes\STRESS_0146.npz	6a68ddfb3f4c236a82fc013c0bc46d2ce47a470b721a50d7d9445ecda3d53e47	29903
STRESS_0147	147	SHIFT_CENSOR_STRESS	40	100	50	500	simulations\05b\recipes\STRESS_0147.npz	9c2889110bf9b193551b79a1fc6d53b7e8918d685feb0e7684c3379b3931bd47	29871
STRESS_0148	148	SHIFT_CENSOR_STRESS	40	100	67	500	simulations\05b\recipes\STRESS_0148.npz	4a5bccddc18bbda7cae00fec01f4bbf1e5f188d93a201fa3bb3d16d3bf1a5511	29851
STRESS_0149	149	SHIFT_CENSOR_STRESS	40	100	100	500	simulations\05b\recipes\STRESS_0149.npz	b0cf7f53a959757ca52aa60a12741912820e92a50e57b8b2313dfbecc9afeac3	30010
STRESS_0150	150	SHIFT_CENSOR_STRESS	40	100	50	500	simulations\05b\recipes\STRESS_0150.npz	ea1d0c4085d31c8294a9e495d8a7e6f4cb74aa0e6b5178d64401370126008470	29935
STRESS_0151	151	SHIFT_CENSOR_STRESS	40	100	67	500	simulations\05b\recipes\STRESS_0151.npz	474a7a3f734649cfb1f23421c4753a0c48f0b18b30567919a00634709dc36d48	29952
STRESS_0152	152	SHIFT_CENSOR_STRESS	40	100	100	500	simulations\05b\recipes\STRESS_0152.npz	a785a75183a53a1d7e76ee1a94643a4f22e14175bdf364921c3393b6c1d6775e	29997
STRESS_0153	153	MAPPING_PRIOR_STRESS	40	100	67	500	simulations\05b\recipes\STRESS_0153.npz	795524b70734f255299172cf960f819f71de9c3ae781451ec0bc9755f4b9d8d0	29944
STRESS_0154	154	MAPPING_PRIOR_STRESS	40	100	67	500	simulations\05b\recipes\STRESS_0154.npz	1b5c8a4ff175d9bfe33871844e769d1bb23e74ff297d9ee22cec37ec15cf944e	29516
STRESS_0155	155	MAPPING_PRIOR_STRESS	40	100	67	500	simulations\05b\recipes\STRESS_0155.npz	c6e37def2bf5bd367dbeeca106e25c75627e38d3cc437589b028ac408684bb0c	29927
STRESS_0156	156	MAPPING_PRIOR_STRESS	40	100	67	500	simulations\05b\recipes\STRESS_0156.npz	6f3fe09886f673c7577bdbea14ff7e99b236e6725f0ee15e071bfa4b17af3999	31205
STRESS_0157	157	MAPPING_PRIOR_STRESS	40	100	67	500	simulations\05b\recipes\STRESS_0157.npz	0fe0d75bed7d89164a8e7fb7f5fbe58cc6caccca16ce9b90133ed76ecd241711	30778
STRESS_0158	158	MAPPING_PRIOR_STRESS	40	100	67	500	simulations\05b\recipes\STRESS_0158.npz	9316909e5d6f779afc105fce4c90177a04fbfecf705801916e8fd89591fd13c1	31227
STRESS_0159	159	MAPPING_PRIOR_STRESS	40	100	67	500	simulations\05b\recipes\STRESS_0159.npz	cc5201e3a531d1efd16eba732c34ac274d477fcbe6b139376069d07c8df9b504	32218
STRESS_0160	160	MAPPING_PRIOR_STRESS	40	100	67	500	simulations\05b\recipes\STRESS_0160.npz	d4ac37f7ed020a1a2bdfea22d5324c42b131a5156dd4025b4c4ae535f5ebaf1a	31941
STRESS_0161	161	MAPPING_PRIOR_STRESS	40	100	67	500	simulations\05b\recipes\STRESS_0161.npz	7d7b5a5103c82b36ac6cb8081959e5ce10dc3870c169232203c97be28ffd2da9	32195
STRESS_0162	162	SHIFT_CENSOR_STRESS	40	100	50	500	simulations\05b\recipes\STRESS_0162.npz	6ca03a35030991bcc620a1c9a419ce7366927d00160aaba7eb0057e965985a0a	30986
STRESS_0163	163	SHIFT_CENSOR_STRESS	40	100	67	500	simulations\05b\recipes\STRESS_0163.npz	584a70eeff35fe8448fbb4dbf7cb53a4a06c3bf7964d5fff1b735268c74c1338	31035
STRESS_0164	164	SHIFT_CENSOR_STRESS	40	100	100	500	simulations\05b\recipes\STRESS_0164.npz	4525e0c49c09add314d4012d5c659b472e96e1500d76e81504ff68a62011b52e	30996
STRESS_0165	165	SHIFT_CENSOR_STRESS	40	100	50	500	simulations\05b\recipes\STRESS_0165.npz	03bd6d64cf73d4eefc9da3b72647f5b43eb63e83394cb275a6fd0ec8517e41f3	30974
STRESS_0166	166	SHIFT_CENSOR_STRESS	40	100	67	500	simulations\05b\recipes\STRESS_0166.npz	8ab3fd3084032da60dcd101f6003dcb28182477c86e6115c86b351280fb3dd4a	30968
STRESS_0167	167	SHIFT_CENSOR_STRESS	40	100	100	500	simulations\05b\recipes\STRESS_0167.npz	9af792b8c1301654a008f558eb60b197363a110feb817c0dad235f7c9bc13da9	30976
STRESS_0168	168	SHIFT_CENSOR_STRESS	40	100	50	500	simulations\05b\recipes\STRESS_0168.npz	0e1de37dc0ef0f622691f87d69363aacec3245e875cc4b4ad48867354dfd6513	30941
STRESS_0169	169	SHIFT_CENSOR_STRESS	40	100	67	500	simulations\05b\recipes\STRESS_0169.npz	25159fbc4627f53ea13485bcff07756b16f7eedac1365856cf0bf70eb92ac5b1	30972
STRESS_0170	170	SHIFT_CENSOR_STRESS	40	100	100	500	simulations\05b\recipes\STRESS_0170.npz	cbd96e3e1b7edc96ca7075f41ef7b905fc1f2895fdf25059c35da51d7c28c387	30973
STRESS_0171	171	MAPPING_PRIOR_STRESS	40	100	67	500	simulations\05b\recipes\STRESS_0171.npz	6176027755571770bb0221a6ea4de1cc794a1226280aaf5dbf3cacf62c065817	31038
STRESS_0172	172	MAPPING_PRIOR_STRESS	40	100	67	500	simulations\05b\recipes\STRESS_0172.npz	0d88fd19b442b4eab3eb152813be10d43c623da334e38b47ee2f0ca0dd878ca2	30811
STRESS_0173	173	MAPPING_PRIOR_STRESS	40	100	67	500	simulations\05b\recipes\STRESS_0173.npz	8f9cb4059fb3d6d1818f1a90d4da5783450002bf9d56ec0608299f84becb3060	30178
STRESS_0174	174	MAPPING_PRIOR_STRESS	40	100	67	500	simulations\05b\recipes\STRESS_0174.npz	9dd5c566f7c61f58f29e42b3cd52c4163469a938300d6b9c082d7b72e68f689c	32268
STRESS_0175	175	MAPPING_PRIOR_STRESS	40	100	67	500	simulations\05b\recipes\STRESS_0175.npz	37b927dac10767959d17f65d417d6e7e902849794ea952b1f8fb98744da9b14c	32061
STRESS_0176	176	MAPPING_PRIOR_STRESS	40	100	67	500	simulations\05b\recipes\STRESS_0176.npz	5963bdd911ce356b3907d749bd7beddc4c9143a86cef6862082fb0cf1950ee4e	31453
STRESS_0177	177	MAPPING_PRIOR_STRESS	40	100	67	500	simulations\05b\recipes\STRESS_0177.npz	e8c99be5797e235e9872fb5e8413e39d7901c51810e5dd99633cdffc3cec926d	33186
STRESS_0178	178	MAPPING_PRIOR_STRESS	40	100	67	500	simulations\05b\recipes\STRESS_0178.npz	0ae07ae0e0cebe60b42f34ac767bb0aebc2ae71bf2b21d1ef936651719f1defa	33113
STRESS_0179	179	MAPPING_PRIOR_STRESS	40	100	67	500	simulations\05b\recipes\STRESS_0179.npz	38f0d342e424dae7fb66bb8d4ca76fa7258cbca0a6a16a8c3b5a56f154eb86b0	32489
