repeat	outer_fold	model_id	n_train	events_train	n_test	events_test	ibs	ibs_status	ibs_grid_n	ibs_grid_min	ibs_grid_max	km_survival_at_grid_start	km_survival_at_grid_end	zero_time_case_in_train	zero_time_case_in_test
0	0	KM_NULL	68	23	18	6	0.0953195804964	PASS	18	384.726315789	970.6	0.90973702914	0.704354853228	True	False
0	1	KM_NULL	69	24	17	5	0.176357939519	PASS	20	444.8	1268.2	0.925791855204	0.680936100388	True	False
0	2	KM_NULL	69	23	17	6	0.167503860589	PASS	20	362.6	1333.4	0.927536231884	0.706772810494	False	True
0	3	KM_NULL	69	23	17	6	0.170287217264	PASS	19	382.915789474	1310.2	0.926011029412	0.704830211678	True	False
0	4	KM_NULL	69	23	17	6	0.224131955616	PASS	20	457.2	1553.4	0.924616180783	0.696274538221	True	False
1	0	KM_NULL	68	23	18	6	0.117723507361	PASS	20	315.8	1037.8	0.926011029412	0.706700395102	False	True
1	1	KM_NULL	69	24	17	5	0.192479750558	PASS	20	407.6	1540.6	0.926237161531	0.683127340377	True	False
1	2	KM_NULL	69	23	17	6	0.22246445597	PASS	20	513.6	1553.4	0.92485677828	0.700189673207	True	False
1	3	KM_NULL	69	23	17	6	0.126292859923	PASS	20	377	944.6	0.926011029412	0.698079335139	True	False
1	4	KM_NULL	69	23	17	6	0.193857893569	PASS	16	525.147368421	1310.2	0.848756047705	0.70373802321	True	False
2	0	KM_NULL	68	23	18	6	0.18308248085	PASS	20	377	1553.4	0.925373134328	0.710239362432	True	False
2	1	KM_NULL	69	24	17	5	0.205500690128	PASS	18	454.031578947	1540.6	0.895633412263	0.678994660217	True	False
2	2	KM_NULL	69	23	17	6	0.161200320817	PASS	19	381.210526316	1277.8	0.926011029412	0.700704841161	True	False
2	3	KM_NULL	69	23	17	6	0.213878318892	PASS	20	513.6	1333.4	0.925043350603	0.692669018293	False	True
2	4	KM_NULL	69	23	17	6	0.113570883634	PASS	14	499.021052632	896	0.880191456879	0.706092797133	True	False
3	0	KM_NULL	68	23	18	6	0.162206966838	PASS	20	377	1277.8	0.924899312959	0.695471073763	True	False
3	1	KM_NULL	69	24	17	5	0.147917366841	PASS	20	370.4	1242.6	0.926877470356	0.692442593298	False	True
3	2	KM_NULL	69	23	17	6	0.215514012073	PASS	20	362.6	1553.4	0.925791855204	0.693803070477	True	False
3	3	KM_NULL	69	23	17	6	0.214720417165	PASS	20	520.8	1371.8	0.924828492191	0.700431332599	True	False
3	4	KM_NULL	69	23	17	6	0.0797968111927	PASS	20	315.8	970.6	0.926470588235	0.712498121612	True	False
4	0	KM_NULL	68	23	18	6	0.191315246323	PASS	20	362.6	1371.8	0.924899312959	0.687164187829	True	False
4	1	KM_NULL	69	24	17	5	0.0868799668623	PASS	20	370.4	977.6	0.925791855204	0.695353808294	True	False
4	2	KM_NULL	69	23	17	6	0.159673105281	PASS	20	362.6	1310.2	0.926877470356	0.705847821743	False	True
4	3	KM_NULL	69	23	17	6	0.228389705787	PASS	20	457.2	1553.4	0.925302277279	0.695297485289	True	False
4	4	KM_NULL	69	23	17	6	0.142453417849	PASS	20	331.4	1037.8	0.926470588235	0.707881015435	True	False
5	0	KM_NULL	68	23	18	6	0.226773309597	PASS	20	460.8	1553.4	0.925105395694	0.693984919781	False	True
5	1	KM_NULL	69	24	17	5	0.100210900792	PASS	20	370.4	977.6	0.926470588235	0.688453649986	True	False
5	2	KM_NULL	69	23	17	6	0.13192396101	PASS	20	400.4	970.6	0.925302277279	0.70474022051	True	False
5	3	KM_NULL	69	23	17	6	0.208890293117	PASS	19	380.936842105	1553.4	0.911075367647	0.698964677333	True	False
5	4	KM_NULL	69	23	17	6	0.176310560489	PASS	18	426.957894737	1371.8	0.911075367647	0.705865999651	True	False
6	0	KM_NULL	68	23	18	6	0.195309593444	PASS	18	422.915789474	1333.4	0.90973702914	0.698669914851	True	False
6	1	KM_NULL	69	24	17	5	0.191798086928	PASS	20	407.6	1540.6	0.925338537174	0.68071173943	True	False
6	2	KM_NULL	69	23	17	6	0.19623585605	PASS	20	400.4	1333.4	0.925302277279	0.693754083958	True	False
6	3	KM_NULL	69	23	17	6	0.115250739885	PASS	20	362.6	970.6	0.927090301003	0.708314572358	False	True
6	4	KM_NULL	69	23	17	6	0.139854585096	PASS	20	362.6	1277.8	0.926470588235	0.711786702615	True	False
7	0	KM_NULL	68	23	18	6	0.145761944298	PASS	20	362.6	1310.2	0.926011029412	0.708415552281	False	True
7	1	KM_NULL	69	24	17	5	0.183128873276	PASS	20	460.4	1268.2	0.925089857105	0.680136017224	True	False
7	2	KM_NULL	69	23	17	6	0.187937143867	PASS	20	377	1333.4	0.925791855204	0.699323013679	True	False
7	3	KM_NULL	69	23	17	6	0.202994865136	PASS	20	400.4	1333.4	0.925521335583	0.697761011445	True	False
7	4	KM_NULL	69	23	17	6	0.0810799768397	PASS	20	315.8	979.4	0.926470588235	0.709342859485	True	False
8	0	KM_NULL	68	23	18	6	0.112228768355	PASS	20	362.6	970.6	0.925373134328	0.698150652985	True	False
8	1	KM_NULL	69	24	17	5	0.148010472241	PASS	18	419	1207.8	0.911075367647	0.68517936835	True	False
8	2	KM_NULL	69	23	17	6	0.217210177703	PASS	20	362.6	1553.4	0.926877470356	0.699895497289	False	True
8	3	KM_NULL	69	23	17	6	0.189358154125	PASS	20	457.2	1333.4	0.92504743833	0.702024099257	True	False
8	4	KM_NULL	69	23	17	6	0.161564525961	PASS	20	362.6	1333.4	0.925791855204	0.706630016668	True	False
9	0	KM_NULL	68	23	18	6	0.129834549585	PASS	20	362.6	1037.8	0.925373134328	0.703986382575	True	False
9	1	KM_NULL	69	24	17	5	0.188623675645	PASS	20	460.4	1268.2	0.925089857105	0.67541789771	True	False
9	2	KM_NULL	69	23	17	6	0.0461901745761	PASS	20	315.8	824.6	0.927090301003	0.711705891066	False	True
9	3	KM_NULL	69	23	17	6	0.205788320556	PASS	18	446.073684211	1553.4	0.895633412263	0.707329468884	True	False
9	4	KM_NULL	69	23	17	6	0.238399345329	PASS	20	457.2	1553.4	0.924828492191	0.690837712237	True	False
10	0	KM_NULL	68	23	18	6	0.197006630689	PASS	20	400.4	1333.4	0.923949483352	0.689716988882	True	False
10	1	KM_NULL	69	24	17	5	0.0814371634931	PASS	18	409.778947368	1120.2	0.895890778186	0.699852670444	True	False
10	2	KM_NULL	69	23	17	6	0.15406644513	PASS	20	315.8	1333.4	0.926470588235	0.709118690539	True	False
10	3	KM_NULL	69	23	17	6	0.215273218473	PASS	20	457.2	1371.8	0.924828492191	0.694144635266	True	False
10	4	KM_NULL	69	23	17	6	0.16228618344	PASS	20	377	1037.8	0.927090301003	0.70021528004	False	True
11	0	KM_NULL	68	23	18	6	0.217503669407	PASS	20	526.2	1553.4	0.92485677828	0.700681484973	False	True
11	1	KM_NULL	69	24	17	5	0.143150040609	PASS	20	370.4	1242.6	0.925791855204	0.686843635628	True	False
11	2	KM_NULL	69	23	17	6	0.188371995399	PASS	20	400.4	1310.2	0.925996204934	0.699163577266	True	False
11	3	KM_NULL	69	23	17	6	0.106968410968	PASS	13	560.284210526	979.4	0.848464979102	0.711689556698	True	False
11	4	KM_NULL	69	23	17	6	0.189429505664	PASS	14	543.8	1037.8	0.848184494811	0.695617068392	True	False
12	0	KM_NULL	68	23	18	6	0.14601750884	PASS	18	420.473684211	1310.2	0.89431775746	0.703744019175	True	False
12	1	KM_NULL	69	24	17	5	0.169805981638	PASS	20	407.6	1268.2	0.925996204934	0.683220552962	True	False
12	2	KM_NULL	69	23	17	6	0.0867990081618	PASS	18	381.989473684	944.6	0.911075367647	0.712864644013	True	False
12	3	KM_NULL	69	23	17	6	0.180468936953	PASS	20	362.6	1333.4	0.926011029412	0.695690870626	True	False
12	4	KM_NULL	69	23	17	6	0.241368647368	PASS	20	513.6	1553.4	0.925737084076	0.697727622881	False	True
13	0	KM_NULL	68	23	18	6	0.120040474226	PASS	20	362.6	944.6	0.924899312959	0.694061999351	True	False
13	1	KM_NULL	69	24	17	5	0.181100467106	PASS	20	370.4	1540.6	0.926470588235	0.680727996572	True	False
13	2	KM_NULL	69	23	17	6	0.185595788734	PASS	19	384.136842105	1333.4	0.926011029412	0.699406239554	True	False
13	3	KM_NULL	69	23	17	6	0.147928617968	PASS	20	362.6	1371.8	0.925791855204	0.713214410226	True	False
13	4	KM_NULL	69	23	17	6	0.203701172111	PASS	20	460.8	1333.4	0.926437515665	0.705535301894	False	True
14	0	KM_NULL	68	23	18	6	0.174553745583	PASS	20	377	1333.4	0.926470588235	0.705526584803	False	True
14	1	KM_NULL	69	24	17	5	0.153263948886	PASS	20	407.6	1242.6	0.925302277279	0.684797407596	True	False
14	2	KM_NULL	69	23	17	6	0.141883498047	PASS	18	414.326315789	1251.8	0.895890778186	0.708090595736	True	False
14	3	KM_NULL	69	23	17	6	0.140509641071	PASS	19	368.578947368	1037.8	0.926011029412	0.701025376323	True	False
14	4	KM_NULL	69	23	17	6	0.209646154317	PASS	20	435.6	1333.4	0.92555101445	0.695705163831	True	False
15	0	KM_NULL	68	23	18	6	0.170111027575	PASS	19	380.936842105	1553.4	0.90973702914	0.703467125976	True	False
15	1	KM_NULL	69	24	17	5	0.187480885245	PASS	20	370.4	1540.6	0.925791855204	0.680614540492	True	False
15	2	KM_NULL	69	23	17	6	0.211527528883	PASS	20	513.6	1553.4	0.925694510869	0.70624936712	False	True
15	3	KM_NULL	69	23	17	6	0.178878022097	PASS	20	457.2	1037.8	0.925302277279	0.699047182953	True	False
15	4	KM_NULL	69	23	17	6	0.088843175355	PASS	20	315.8	896	0.926470588235	0.701524599283	True	False
16	0	KM_NULL	68	23	18	6	0.170859664796	PASS	20	435.6	1037.8	0.924168221393	0.692214350439	True	False
16	1	KM_NULL	69	24	17	5	0.149192228085	PASS	19	374.431578947	1242.6	0.911075367647	0.684019315852	True	False
16	2	KM_NULL	69	23	17	6	0.201281069286	PASS	20	377	1553.4	0.925791855204	0.703580507619	True	False
16	3	KM_NULL	69	23	17	6	0.175427895536	PASS	20	400.4	1371.8	0.925302277279	0.705143693809	True	False
16	4	KM_NULL	69	23	17	6	0.115407871538	PASS	20	362.6	970.6	0.927536231884	0.708412497129	False	True
17	0	KM_NULL	68	23	18	6	0.23102351105	PASS	20	377	1553.4	0.924673507463	0.682413629207	True	False
17	1	KM_NULL	69	24	17	5	0.0606289877348	PASS	20	326.2	954.4	0.926470588235	0.697284462582	True	False
17	2	KM_NULL	69	23	17	6	0.193494132967	PASS	20	439.2	1371.8	0.926196506946	0.706946093373	False	True
17	3	KM_NULL	69	23	17	6	0.0796640117856	PASS	18	385.652631579	979.4	0.911075367647	0.710855625473	True	False
17	4	KM_NULL	69	23	17	6	0.230003285657	PASS	20	457.2	1553.4	0.92504743833	0.692700317548	True	False
18	0	KM_NULL	68	23	18	6	0.154794768521	PASS	20	400.4	1037.8	0.924168221393	0.693738505421	True	False
18	1	KM_NULL	69	24	17	5	0.12305304017	PASS	20	370.4	1026.2	0.926011029412	0.683093992	True	False
18	2	KM_NULL	69	23	17	6	0.178807667455	PASS	19	380.936842105	1553.4	0.911075367647	0.708381870212	True	False
18	3	KM_NULL	69	23	17	6	0.163748666582	PASS	20	435.6	1037.8	0.926237161531	0.708187984452	True	False
18	4	KM_NULL	69	23	17	6	0.210745726186	PASS	20	377	1553.4	0.926877470356	0.695852570997	False	True
19	0	KM_NULL	68	23	18	6	0.218504345971	PASS	20	513.6	1333.4	0.924571595388	0.684967762843	False	True
19	1	KM_NULL	69	24	17	5	0.164161932864	PASS	20	370.4	1268.2	0.925791855204	0.681661356417	True	False
19	2	KM_NULL	69	23	17	6	0.129231007134	PASS	14	543.8	1037.8	0.832456205911	0.711462598581	True	False
19	3	KM_NULL	69	23	17	6	0.209060505021	PASS	20	457.2	1553.4	0.925996204934	0.701990212596	True	False
19	4	KM_NULL	69	23	17	6	0.114416391841	PASS	18	384.726315789	970.6	0.911075367647	0.707829899266	True	False
