cohort_id,accession_or_resource,species,data_type,reported_n,candidate_outcome,paper6_status,independence_note,provenance_note,currently_locked_locally
TARGET-OS,TARGET-OS,human,bulk RNA-seq,87,OS/PFS and clinical covariates reported in public resource/literature,LOCKED_LOCALLY_PRIMARY_HUMAN,Primary Paper 6 human cohort; do not pool into its own source comparator.,Included in 2024 Clinical Cancer Research comparative osteosarcoma analysis.,True
GSE21257,GSE21257,human,bulk microarray,53,5-year metastasis; OS/EFS used in later reanalyses,LOCKED_LOCALLY_EXTERNAL_CANDIDATE,Do not assume independence from GSE42352/GSE33382; published overlap has been reported.,"Pre-chemotherapy biopsies; 34 metastasis within 5y, 19 no metastasis within 5y in GEO.",True
GSE39055,GSE39055,human,bulk microarray,37,clinical survival/outcome and chemoresponse metadata,LOCKED_LOCALLY_EXTERNAL_CANDIDATE,Audit patient relationship to companion miRNA/paired-resection accessions before any pooled analysis.,37 unique diagnostic biopsy specimens in GEO.,True
GSE16091,GSE16091,human,bulk microarray,34,survival follow-up reported in later osteosarcoma prognostic studies,PUBLIC_CANDIDATE_NEEDS_LOCAL_IMPORT_AUDIT,Needs explicit sample-lineage audit before treating as independent.,Included among public human osteosarcoma datasets in 2024 CCR comparative analysis.,False
GSE32981,GSE32981,human,bulk microarray,23,clinical/PFS contribution reported in comparative osteosarcoma literature,PUBLIC_CANDIDATE_NEEDS_ENDPOINT_AUDIT,Needs endpoint and sample-lineage audit.,Included among public human osteosarcoma datasets in 2024 CCR comparative analysis.,False
GSE33383,GSE33383,human,bulk microarray,84,53/84 reported with binary metastasis-within-5-years outcome,PUBLIC_CANDIDATE_NEEDS_LINEAGE_AUDIT,Do not treat as independent until relationship to GSE42352/GSE33382 and GSE21257 is resolved.,53 patients with binary 5-year progression outcome used in 2024 CCR comparative analysis.,False
GSE30699,GSE30699,human,bulk microarray / model-system-rich,76,not assumed; must audit patient specimens and usable clinical outcomes,PUBLIC_CANDIDATE_NEEDS_ENDPOINT_AUDIT,Contains model-system material; patient-level survival eligibility must be established.,Included among public datasets in 2024 CCR comparative analysis; not automatically survival-eligible.,False
GSE152048,GSE152048,human,single-cell RNA-seq,11,not assumed,BIOLOGY_ONLY_CANDIDATE,Not a default survival-transfer source; may support cell-state/compartment interpretation.,11 human osteosarcoma scRNA-seq samples in 2024 CCR comparative analysis.,False
GSE42352_GSE33382,GSE42352 / GSE33382,human,bulk microarray,84,metastasis/prognostic use reported in later reanalyses,OVERLAP_RISK_NOT_INDEPENDENT_UNTIL_PROVEN,Published work reports 27 osteosarcoma samples overlapping GSE21257; never count as an independent cohort without patient-level lineage resolution.,Added specifically as an overlap-risk cohort relevant to pooled-human source construction.,False
