case_id,status,attempts,error
COTC021-0101,FAIL,4,RuntimeError: Failed to fetch COTC021-0101 after 4 attempts: RuntimeError: ICDC case query returned no case object for COTC021-0101.
COTC021-0103,FAIL,4,RuntimeError: Failed to fetch COTC021-0103 after 4 attempts: RuntimeError: ICDC case query returned no case object for COTC021-0103.
COTC021-0105,FAIL,4,RuntimeError: Failed to fetch COTC021-0105 after 4 attempts: RuntimeError: ICDC case query returned no case object for COTC021-0105.
COTC021-0201,FAIL,4,RuntimeError: Failed to fetch COTC021-0201 after 4 attempts: RuntimeError: ICDC case query returned no case object for COTC021-0201.
COTC021-0203,FAIL,4,RuntimeError: Failed to fetch COTC021-0203 after 4 attempts: RuntimeError: ICDC case query returned no case object for COTC021-0203.
COTC021-0205,FAIL,4,RuntimeError: Failed to fetch COTC021-0205 after 4 attempts: RuntimeError: ICDC case query returned no case object for COTC021-0205.
COTC021-0207,FAIL,4,RuntimeError: Failed to fetch COTC021-0207 after 4 attempts: RuntimeError: ICDC case query returned no case object for COTC021-0207.
COTC021-0209,FAIL,4,RuntimeError: Failed to fetch COTC021-0209 after 4 attempts: RuntimeError: ICDC case query returned no case object for COTC021-0209.
COTC021-0211,FAIL,4,RuntimeError: Failed to fetch COTC021-0211 after 4 attempts: RuntimeError: ICDC case query returned no case object for COTC021-0211.
COTC021-0213,FAIL,4,RuntimeError: Failed to fetch COTC021-0213 after 4 attempts: RuntimeError: ICDC case query returned no case object for COTC021-0213.
COTC021-0215,FAIL,4,RuntimeError: Failed to fetch COTC021-0215 after 4 attempts: RuntimeError: ICDC case query returned no case object for COTC021-0215.
COTC021-0217,FAIL,4,RuntimeError: Failed to fetch COTC021-0217 after 4 attempts: RuntimeError: ICDC case query returned no case object for COTC021-0217.
COTC021-0219,FAIL,4,RuntimeError: Failed to fetch COTC021-0219 after 4 attempts: RuntimeError: ICDC case query returned no case object for COTC021-0219.
COTC021-0226,FAIL,4,RuntimeError: Failed to fetch COTC021-0226 after 4 attempts: RuntimeError: ICDC case query returned no case object for COTC021-0226.
COTC021-0301,FAIL,4,RuntimeError: Failed to fetch COTC021-0301 after 4 attempts: RuntimeError: ICDC case query returned no case object for COTC021-0301.
COTC021-0303,FAIL,4,RuntimeError: Failed to fetch COTC021-0303 after 4 attempts: RuntimeError: ICDC case query returned no case object for COTC021-0303.
COTC021-0305,FAIL,4,RuntimeError: Failed to fetch COTC021-0305 after 4 attempts: RuntimeError: ICDC case query returned no case object for COTC021-0305.
COTC021-0307,FAIL,4,RuntimeError: Failed to fetch COTC021-0307 after 4 attempts: RuntimeError: ICDC case query returned no case object for COTC021-0307.
COTC021-0309,FAIL,4,RuntimeError: Failed to fetch COTC021-0309 after 4 attempts: RuntimeError: ICDC case query returned no case object for COTC021-0309.
COTC021-0311,FAIL,4,RuntimeError: Failed to fetch COTC021-0311 after 4 attempts: RuntimeError: ICDC case query returned no case object for COTC021-0311.
COTC021-0313,FAIL,4,RuntimeError: Failed to fetch COTC021-0313 after 4 attempts: RuntimeError: ICDC case query returned no case object for COTC021-0313.
COTC021-0314,FAIL,4,RuntimeError: Failed to fetch COTC021-0314 after 4 attempts: RuntimeError: ICDC case query returned no case object for COTC021-0314.
COTC021-0315,FAIL,4,RuntimeError: Failed to fetch COTC021-0315 after 4 attempts: RuntimeError: ICDC case query returned no case object for COTC021-0315.
COTC021-0317,FAIL,4,RuntimeError: Failed to fetch COTC021-0317 after 4 attempts: RuntimeError: ICDC case query returned no case object for COTC021-0317.
COTC021-0319,FAIL,4,RuntimeError: Failed to fetch COTC021-0319 after 4 attempts: RuntimeError: ICDC case query returned no case object for COTC021-0319.
COTC021-0321,FAIL,4,RuntimeError: Failed to fetch COTC021-0321 after 4 attempts: RuntimeError: ICDC case query returned no case object for COTC021-0321.
COTC021-0323,FAIL,4,RuntimeError: Failed to fetch COTC021-0323 after 4 attempts: RuntimeError: ICDC case query returned no case object for COTC021-0323.
COTC021-0325,FAIL,4,RuntimeError: Failed to fetch COTC021-0325 after 4 attempts: RuntimeError: ICDC case query returned no case object for COTC021-0325.
COTC021-0327,FAIL,4,RuntimeError: Failed to fetch COTC021-0327 after 4 attempts: RuntimeError: ICDC case query returned no case object for COTC021-0327.
COTC021-0329,FAIL,4,RuntimeError: Failed to fetch COTC021-0329 after 4 attempts: RuntimeError: ICDC case query returned no case object for COTC021-0329.
COTC021-0335,FAIL,4,RuntimeError: Failed to fetch COTC021-0335 after 4 attempts: RuntimeError: ICDC case query returned no case object for COTC021-0335.
COTC021-0405,FAIL,4,RuntimeError: Failed to fetch COTC021-0405 after 4 attempts: RuntimeError: ICDC case query returned no case object for COTC021-0405.
COTC021-0407,FAIL,4,RuntimeError: Failed to fetch COTC021-0407 after 4 attempts: RuntimeError: ICDC case query returned no case object for COTC021-0407.
COTC021-0501,FAIL,4,RuntimeError: Failed to fetch COTC021-0501 after 4 attempts: RuntimeError: ICDC case query returned no case object for COTC021-0501.
COTC021-0503,FAIL,4,RuntimeError: Failed to fetch COTC021-0503 after 4 attempts: RuntimeError: ICDC case query returned no case object for COTC021-0503.
COTC021-0505,FAIL,4,RuntimeError: Failed to fetch COTC021-0505 after 4 attempts: RuntimeError: ICDC case query returned no case object for COTC021-0505.
COTC021-0507,FAIL,4,RuntimeError: Failed to fetch COTC021-0507 after 4 attempts: RuntimeError: ICDC case query returned no case object for COTC021-0507.
COTC021-0509,FAIL,4,RuntimeError: Failed to fetch COTC021-0509 after 4 attempts: RuntimeError: ICDC case query returned no case object for COTC021-0509.
COTC021-0511,FAIL,4,RuntimeError: Failed to fetch COTC021-0511 after 4 attempts: RuntimeError: ICDC case query returned no case object for COTC021-0511.
COTC021-0513,FAIL,4,RuntimeError: Failed to fetch COTC021-0513 after 4 attempts: RuntimeError: ICDC case query returned no case object for COTC021-0513.
COTC021-0515,FAIL,4,RuntimeError: Failed to fetch COTC021-0515 after 4 attempts: RuntimeError: ICDC case query returned no case object for COTC021-0515.
COTC021-0517,FAIL,4,RuntimeError: Failed to fetch COTC021-0517 after 4 attempts: RuntimeError: ICDC case query returned no case object for COTC021-0517.
COTC021-0519,FAIL,4,RuntimeError: Failed to fetch COTC021-0519 after 4 attempts: RuntimeError: ICDC case query returned no case object for COTC021-0519.
COTC021-0520,FAIL,4,RuntimeError: Failed to fetch COTC021-0520 after 4 attempts: RuntimeError: ICDC case query returned no case object for COTC021-0520.
COTC021-0523,FAIL,4,RuntimeError: Failed to fetch COTC021-0523 after 4 attempts: RuntimeError: ICDC case query returned no case object for COTC021-0523.
COTC021-0524,FAIL,4,RuntimeError: Failed to fetch COTC021-0524 after 4 attempts: RuntimeError: ICDC case query returned no case object for COTC021-0524.
COTC021-0525,FAIL,4,RuntimeError: Failed to fetch COTC021-0525 after 4 attempts: RuntimeError: ICDC case query returned no case object for COTC021-0525.
COTC021-0601,FAIL,4,RuntimeError: Failed to fetch COTC021-0601 after 4 attempts: RuntimeError: ICDC case query returned no case object for COTC021-0601.
COTC021-0603,FAIL,4,RuntimeError: Failed to fetch COTC021-0603 after 4 attempts: RuntimeError: ICDC case query returned no case object for COTC021-0603.
COTC021-0605,FAIL,4,RuntimeError: Failed to fetch COTC021-0605 after 4 attempts: RuntimeError: ICDC case query returned no case object for COTC021-0605.
COTC021-0607,FAIL,4,RuntimeError: Failed to fetch COTC021-0607 after 4 attempts: RuntimeError: ICDC case query returned no case object for COTC021-0607.
COTC021-0609,FAIL,4,RuntimeError: Failed to fetch COTC021-0609 after 4 attempts: RuntimeError: ICDC case query returned no case object for COTC021-0609.
COTC021-0621,FAIL,4,RuntimeError: Failed to fetch COTC021-0621 after 4 attempts: RuntimeError: ICDC case query returned no case object for COTC021-0621.
COTC021-0625,FAIL,4,RuntimeError: Failed to fetch COTC021-0625 after 4 attempts: RuntimeError: ICDC case query returned no case object for COTC021-0625.
COTC021-0629,FAIL,4,RuntimeError: Failed to fetch COTC021-0629 after 4 attempts: RuntimeError: ICDC case query returned no case object for COTC021-0629.
COTC021-0630,FAIL,4,RuntimeError: Failed to fetch COTC021-0630 after 4 attempts: RuntimeError: ICDC case query returned no case object for COTC021-0630.
COTC021-0631,FAIL,4,RuntimeError: Failed to fetch COTC021-0631 after 4 attempts: RuntimeError: ICDC case query returned no case object for COTC021-0631.
COTC021-0637,FAIL,4,RuntimeError: Failed to fetch COTC021-0637 after 4 attempts: RuntimeError: ICDC case query returned no case object for COTC021-0637.
COTC021-0638,FAIL,4,RuntimeError: Failed to fetch COTC021-0638 after 4 attempts: RuntimeError: ICDC case query returned no case object for COTC021-0638.
COTC021-0640,FAIL,4,RuntimeError: Failed to fetch COTC021-0640 after 4 attempts: RuntimeError: ICDC case query returned no case object for COTC021-0640.
COTC021-0641,FAIL,4,RuntimeError: Failed to fetch COTC021-0641 after 4 attempts: RuntimeError: ICDC case query returned no case object for COTC021-0641.
COTC021-0643,FAIL,4,RuntimeError: Failed to fetch COTC021-0643 after 4 attempts: RuntimeError: ICDC case query returned no case object for COTC021-0643.
COTC021-0701,FAIL,4,RuntimeError: Failed to fetch COTC021-0701 after 4 attempts: RuntimeError: ICDC case query returned no case object for COTC021-0701.
COTC021-0703,FAIL,4,RuntimeError: Failed to fetch COTC021-0703 after 4 attempts: RuntimeError: ICDC case query returned no case object for COTC021-0703.
COTC021-0705,FAIL,4,RuntimeError: Failed to fetch COTC021-0705 after 4 attempts: RuntimeError: ICDC case query returned no case object for COTC021-0705.
COTC021-0707,FAIL,4,RuntimeError: Failed to fetch COTC021-0707 after 4 attempts: RuntimeError: ICDC case query returned no case object for COTC021-0707.
COTC021-0709,FAIL,4,RuntimeError: Failed to fetch COTC021-0709 after 4 attempts: RuntimeError: ICDC case query returned no case object for COTC021-0709.
COTC021-0711,FAIL,4,RuntimeError: Failed to fetch COTC021-0711 after 4 attempts: RuntimeError: ICDC case query returned no case object for COTC021-0711.
COTC021-0713,FAIL,4,RuntimeError: Failed to fetch COTC021-0713 after 4 attempts: RuntimeError: ICDC case query returned no case object for COTC021-0713.
COTC021-0715,FAIL,4,RuntimeError: Failed to fetch COTC021-0715 after 4 attempts: RuntimeError: ICDC case query returned no case object for COTC021-0715.
COTC021-0717,FAIL,4,RuntimeError: Failed to fetch COTC021-0717 after 4 attempts: RuntimeError: ICDC case query returned no case object for COTC021-0717.
COTC021-0722,FAIL,4,RuntimeError: Failed to fetch COTC021-0722 after 4 attempts: RuntimeError: ICDC case query returned no case object for COTC021-0722.
COTC021-0723,FAIL,4,RuntimeError: Failed to fetch COTC021-0723 after 4 attempts: RuntimeError: ICDC case query returned no case object for COTC021-0723.
COTC021-0725,FAIL,4,RuntimeError: Failed to fetch COTC021-0725 after 4 attempts: RuntimeError: ICDC case query returned no case object for COTC021-0725.
COTC021-0730,FAIL,4,RuntimeError: Failed to fetch COTC021-0730 after 4 attempts: RuntimeError: ICDC case query returned no case object for COTC021-0730.
COTC021-0731,FAIL,4,RuntimeError: Failed to fetch COTC021-0731 after 4 attempts: RuntimeError: ICDC case query returned no case object for COTC021-0731.
COTC021-0732,FAIL,4,RuntimeError: Failed to fetch COTC021-0732 after 4 attempts: RuntimeError: ICDC case query returned no case object for COTC021-0732.
COTC021-0801,FAIL,4,RuntimeError: Failed to fetch COTC021-0801 after 4 attempts: RuntimeError: ICDC case query returned no case object for COTC021-0801.
COTC021-0803,FAIL,4,RuntimeError: Failed to fetch COTC021-0803 after 4 attempts: RuntimeError: ICDC case query returned no case object for COTC021-0803.
COTC021-0805,FAIL,4,RuntimeError: Failed to fetch COTC021-0805 after 4 attempts: RuntimeError: ICDC case query returned no case object for COTC021-0805.
COTC021-0807,FAIL,4,RuntimeError: Failed to fetch COTC021-0807 after 4 attempts: RuntimeError: ICDC case query returned no case object for COTC021-0807.
COTC021-0809,FAIL,4,RuntimeError: Failed to fetch COTC021-0809 after 4 attempts: RuntimeError: ICDC case query returned no case object for COTC021-0809.
COTC021-0811,FAIL,4,RuntimeError: Failed to fetch COTC021-0811 after 4 attempts: RuntimeError: ICDC case query returned no case object for COTC021-0811.
COTC021-0813,FAIL,4,RuntimeError: Failed to fetch COTC021-0813 after 4 attempts: RuntimeError: ICDC case query returned no case object for COTC021-0813.
COTC021-0814,FAIL,4,RuntimeError: Failed to fetch COTC021-0814 after 4 attempts: RuntimeError: ICDC case query returned no case object for COTC021-0814.
COTC021-0815,FAIL,4,RuntimeError: Failed to fetch COTC021-0815 after 4 attempts: RuntimeError: ICDC case query returned no case object for COTC021-0815.
COTC021-0817,FAIL,4,RuntimeError: Failed to fetch COTC021-0817 after 4 attempts: RuntimeError: ICDC case query returned no case object for COTC021-0817.
COTC021-0819,FAIL,4,RuntimeError: Failed to fetch COTC021-0819 after 4 attempts: RuntimeError: ICDC case query returned no case object for COTC021-0819.
COTC021-0825,FAIL,4,RuntimeError: Failed to fetch COTC021-0825 after 4 attempts: RuntimeError: ICDC case query returned no case object for COTC021-0825.
COTC021-0903,FAIL,4,RuntimeError: Failed to fetch COTC021-0903 after 4 attempts: RuntimeError: ICDC case query returned no case object for COTC021-0903.
COTC021-0908,FAIL,4,RuntimeError: Failed to fetch COTC021-0908 after 4 attempts: RuntimeError: ICDC case query returned no case object for COTC021-0908.
COTC021-1001,FAIL,4,RuntimeError: Failed to fetch COTC021-1001 after 4 attempts: RuntimeError: ICDC case query returned no case object for COTC021-1001.
COTC021-1003,FAIL,4,RuntimeError: Failed to fetch COTC021-1003 after 4 attempts: RuntimeError: ICDC case query returned no case object for COTC021-1003.
COTC021-1005,FAIL,4,RuntimeError: Failed to fetch COTC021-1005 after 4 attempts: RuntimeError: ICDC case query returned no case object for COTC021-1005.
COTC021-1007,FAIL,4,RuntimeError: Failed to fetch COTC021-1007 after 4 attempts: RuntimeError: ICDC case query returned no case object for COTC021-1007.
COTC021-1009,FAIL,4,RuntimeError: Failed to fetch COTC021-1009 after 4 attempts: RuntimeError: ICDC case query returned no case object for COTC021-1009.
COTC021-1013,FAIL,4,RuntimeError: Failed to fetch COTC021-1013 after 4 attempts: RuntimeError: ICDC case query returned no case object for COTC021-1013.
COTC021-1015,FAIL,4,RuntimeError: Failed to fetch COTC021-1015 after 4 attempts: RuntimeError: ICDC case query returned no case object for COTC021-1015.
COTC021-1020,FAIL,4,RuntimeError: Failed to fetch COTC021-1020 after 4 attempts: RuntimeError: ICDC case query returned no case object for COTC021-1020.
COTC021-1024,FAIL,4,RuntimeError: Failed to fetch COTC021-1024 after 4 attempts: RuntimeError: ICDC case query returned no case object for COTC021-1024.
COTC021-1101,FAIL,4,RuntimeError: Failed to fetch COTC021-1101 after 4 attempts: RuntimeError: ICDC case query returned no case object for COTC021-1101.
COTC021-1103,FAIL,4,RuntimeError: Failed to fetch COTC021-1103 after 4 attempts: RuntimeError: ICDC case query returned no case object for COTC021-1103.
COTC021-1104,FAIL,4,RuntimeError: Failed to fetch COTC021-1104 after 4 attempts: RuntimeError: ICDC case query returned no case object for COTC021-1104.
COTC021-1105,FAIL,4,RuntimeError: Failed to fetch COTC021-1105 after 4 attempts: RuntimeError: ICDC case query returned no case object for COTC021-1105.
COTC021-1106,FAIL,4,RuntimeError: Failed to fetch COTC021-1106 after 4 attempts: RuntimeError: ICDC case query returned no case object for COTC021-1106.
COTC021-1111,FAIL,4,RuntimeError: Failed to fetch COTC021-1111 after 4 attempts: RuntimeError: ICDC case query returned no case object for COTC021-1111.
COTC021-1401,FAIL,4,RuntimeError: Failed to fetch COTC021-1401 after 4 attempts: RuntimeError: ICDC case query returned no case object for COTC021-1401.
COTC021-1403,FAIL,4,RuntimeError: Failed to fetch COTC021-1403 after 4 attempts: RuntimeError: ICDC case query returned no case object for COTC021-1403.
COTC021-1405,FAIL,4,RuntimeError: Failed to fetch COTC021-1405 after 4 attempts: RuntimeError: ICDC case query returned no case object for COTC021-1405.
COTC021-1407,FAIL,4,RuntimeError: Failed to fetch COTC021-1407 after 4 attempts: RuntimeError: ICDC case query returned no case object for COTC021-1407.
COTC021-1409,FAIL,4,RuntimeError: Failed to fetch COTC021-1409 after 4 attempts: RuntimeError: ICDC case query returned no case object for COTC021-1409.
COTC021-1411,FAIL,4,RuntimeError: Failed to fetch COTC021-1411 after 4 attempts: RuntimeError: ICDC case query returned no case object for COTC021-1411.
COTC021-1413,FAIL,4,RuntimeError: Failed to fetch COTC021-1413 after 4 attempts: RuntimeError: ICDC case query returned no case object for COTC021-1413.
COTC021-1415,FAIL,4,RuntimeError: Failed to fetch COTC021-1415 after 4 attempts: RuntimeError: ICDC case query returned no case object for COTC021-1415.
COTC021-1417,FAIL,4,RuntimeError: Failed to fetch COTC021-1417 after 4 attempts: RuntimeError: ICDC case query returned no case object for COTC021-1417.
COTC021-1419,FAIL,4,RuntimeError: Failed to fetch COTC021-1419 after 4 attempts: RuntimeError: ICDC case query returned no case object for COTC021-1419.
COTC021-1421,FAIL,4,RuntimeError: Failed to fetch COTC021-1421 after 4 attempts: RuntimeError: ICDC case query returned no case object for COTC021-1421.
COTC021-1703,FAIL,4,RuntimeError: Failed to fetch COTC021-1703 after 4 attempts: RuntimeError: ICDC case query returned no case object for COTC021-1703.
COTC021-1713,FAIL,4,RuntimeError: Failed to fetch COTC021-1713 after 4 attempts: RuntimeError: ICDC case query returned no case object for COTC021-1713.
COTC021-1714,FAIL,4,RuntimeError: Failed to fetch COTC021-1714 after 4 attempts: RuntimeError: ICDC case query returned no case object for COTC021-1714.
COTC021-1715,FAIL,4,RuntimeError: Failed to fetch COTC021-1715 after 4 attempts: RuntimeError: ICDC case query returned no case object for COTC021-1715.
COTC021-1801,FAIL,4,RuntimeError: Failed to fetch COTC021-1801 after 4 attempts: RuntimeError: ICDC case query returned no case object for COTC021-1801.
COTC021-1805,FAIL,4,RuntimeError: Failed to fetch COTC021-1805 after 4 attempts: RuntimeError: ICDC case query returned no case object for COTC021-1805.
COTC021-1806,FAIL,4,RuntimeError: Failed to fetch COTC021-1806 after 4 attempts: RuntimeError: ICDC case query returned no case object for COTC021-1806.
COTC021-1901,FAIL,4,RuntimeError: Failed to fetch COTC021-1901 after 4 attempts: RuntimeError: ICDC case query returned no case object for COTC021-1901.
COTC021-1903,FAIL,4,RuntimeError: Failed to fetch COTC021-1903 after 4 attempts: RuntimeError: ICDC case query returned no case object for COTC021-1903.
COTC021-1904,FAIL,4,RuntimeError: Failed to fetch COTC021-1904 after 4 attempts: RuntimeError: ICDC case query returned no case object for COTC021-1904.
COTC021-1905,FAIL,4,RuntimeError: Failed to fetch COTC021-1905 after 4 attempts: RuntimeError: ICDC case query returned no case object for COTC021-1905.
COTC021-1906,FAIL,4,RuntimeError: Failed to fetch COTC021-1906 after 4 attempts: RuntimeError: ICDC case query returned no case object for COTC021-1906.
COTC021-1907,FAIL,4,RuntimeError: Failed to fetch COTC021-1907 after 4 attempts: RuntimeError: ICDC case query returned no case object for COTC021-1907.
COTC021-1908,FAIL,4,RuntimeError: Failed to fetch COTC021-1908 after 4 attempts: RuntimeError: ICDC case query returned no case object for COTC021-1908.
COTC021-1909,FAIL,4,RuntimeError: Failed to fetch COTC021-1909 after 4 attempts: RuntimeError: ICDC case query returned no case object for COTC021-1909.
COTC021-1910,FAIL,4,RuntimeError: Failed to fetch COTC021-1910 after 4 attempts: RuntimeError: ICDC case query returned no case object for COTC021-1910.
COTC021-1912,FAIL,4,RuntimeError: Failed to fetch COTC021-1912 after 4 attempts: RuntimeError: ICDC case query returned no case object for COTC021-1912.
COTC021-1913,FAIL,4,RuntimeError: Failed to fetch COTC021-1913 after 4 attempts: RuntimeError: ICDC case query returned no case object for COTC021-1913.
COTC021-1914,FAIL,4,RuntimeError: Failed to fetch COTC021-1914 after 4 attempts: RuntimeError: ICDC case query returned no case object for COTC021-1914.
COTC021-1915,FAIL,4,RuntimeError: Failed to fetch COTC021-1915 after 4 attempts: RuntimeError: ICDC case query returned no case object for COTC021-1915.
COTC021-1917,FAIL,4,RuntimeError: Failed to fetch COTC021-1917 after 4 attempts: RuntimeError: ICDC case query returned no case object for COTC021-1917.
COTC021-2001,FAIL,4,RuntimeError: Failed to fetch COTC021-2001 after 4 attempts: RuntimeError: ICDC case query returned no case object for COTC021-2001.
COTC021-2003,FAIL,4,RuntimeError: Failed to fetch COTC021-2003 after 4 attempts: RuntimeError: ICDC case query returned no case object for COTC021-2003.
COTC021-2007,FAIL,4,RuntimeError: Failed to fetch COTC021-2007 after 4 attempts: RuntimeError: ICDC case query returned no case object for COTC021-2007.
COTC021-2009,FAIL,4,RuntimeError: Failed to fetch COTC021-2009 after 4 attempts: RuntimeError: ICDC case query returned no case object for COTC021-2009.
COTC021-2013,FAIL,4,RuntimeError: Failed to fetch COTC021-2013 after 4 attempts: RuntimeError: ICDC case query returned no case object for COTC021-2013.
COTC021-2201,FAIL,4,RuntimeError: Failed to fetch COTC021-2201 after 4 attempts: RuntimeError: ICDC case query returned no case object for COTC021-2201.
COTC021-2205,FAIL,4,RuntimeError: Failed to fetch COTC021-2205 after 4 attempts: RuntimeError: ICDC case query returned no case object for COTC021-2205.
COTC021-2214,FAIL,4,RuntimeError: Failed to fetch COTC021-2214 after 4 attempts: RuntimeError: ICDC case query returned no case object for COTC021-2214.
COTC021-2215,FAIL,4,RuntimeError: Failed to fetch COTC021-2215 after 4 attempts: RuntimeError: ICDC case query returned no case object for COTC021-2215.
COTC021-2301,FAIL,4,RuntimeError: Failed to fetch COTC021-2301 after 4 attempts: RuntimeError: ICDC case query returned no case object for COTC021-2301.
COTC021-2307,FAIL,4,RuntimeError: Failed to fetch COTC021-2307 after 4 attempts: RuntimeError: ICDC case query returned no case object for COTC021-2307.
COTC021-2312,FAIL,4,RuntimeError: Failed to fetch COTC021-2312 after 4 attempts: RuntimeError: ICDC case query returned no case object for COTC021-2312.
COTC021-2317,FAIL,4,RuntimeError: Failed to fetch COTC021-2317 after 4 attempts: RuntimeError: ICDC case query returned no case object for COTC021-2317.
COTC021-2321,FAIL,4,RuntimeError: Failed to fetch COTC021-2321 after 4 attempts: RuntimeError: ICDC case query returned no case object for COTC021-2321.
COTC022-0102,FAIL,4,RuntimeError: Failed to fetch COTC022-0102 after 4 attempts: RuntimeError: ICDC case query returned no case object for COTC022-0102.
COTC022-0104,FAIL,4,RuntimeError: Failed to fetch COTC022-0104 after 4 attempts: RuntimeError: ICDC case query returned no case object for COTC022-0104.
COTC022-0106,FAIL,4,RuntimeError: Failed to fetch COTC022-0106 after 4 attempts: RuntimeError: ICDC case query returned no case object for COTC022-0106.
COTC022-0202,FAIL,4,RuntimeError: Failed to fetch COTC022-0202 after 4 attempts: RuntimeError: ICDC case query returned no case object for COTC022-0202.
COTC022-0204,FAIL,4,RuntimeError: Failed to fetch COTC022-0204 after 4 attempts: RuntimeError: ICDC case query returned no case object for COTC022-0204.
COTC022-0206,FAIL,4,RuntimeError: Failed to fetch COTC022-0206 after 4 attempts: RuntimeError: ICDC case query returned no case object for COTC022-0206.
COTC022-0208,FAIL,4,RuntimeError: Failed to fetch COTC022-0208 after 4 attempts: RuntimeError: ICDC case query returned no case object for COTC022-0208.
COTC022-0210,FAIL,4,RuntimeError: Failed to fetch COTC022-0210 after 4 attempts: RuntimeError: ICDC case query returned no case object for COTC022-0210.
COTC022-0212,FAIL,4,RuntimeError: Failed to fetch COTC022-0212 after 4 attempts: RuntimeError: ICDC case query returned no case object for COTC022-0212.
COTC022-0214,FAIL,4,RuntimeError: Failed to fetch COTC022-0214 after 4 attempts: RuntimeError: ICDC case query returned no case object for COTC022-0214.
COTC022-0216,FAIL,4,RuntimeError: Failed to fetch COTC022-0216 after 4 attempts: RuntimeError: ICDC case query returned no case object for COTC022-0216.
COTC022-0220,FAIL,4,RuntimeError: Failed to fetch COTC022-0220 after 4 attempts: RuntimeError: ICDC case query returned no case object for COTC022-0220.
COTC022-0222,FAIL,4,RuntimeError: Failed to fetch COTC022-0222 after 4 attempts: RuntimeError: ICDC case query returned no case object for COTC022-0222.
COTC022-0224,FAIL,4,RuntimeError: Failed to fetch COTC022-0224 after 4 attempts: RuntimeError: ICDC case query returned no case object for COTC022-0224.
COTC022-0225,FAIL,4,RuntimeError: Failed to fetch COTC022-0225 after 4 attempts: RuntimeError: ICDC case query returned no case object for COTC022-0225.
COTC022-0227,FAIL,4,RuntimeError: Failed to fetch COTC022-0227 after 4 attempts: RuntimeError: ICDC case query returned no case object for COTC022-0227.
COTC022-0228,FAIL,4,RuntimeError: Failed to fetch COTC022-0228 after 4 attempts: RuntimeError: ICDC case query returned no case object for COTC022-0228.
COTC022-0302,FAIL,4,RuntimeError: Failed to fetch COTC022-0302 after 4 attempts: RuntimeError: ICDC case query returned no case object for COTC022-0302.
COTC022-0304,FAIL,4,RuntimeError: Failed to fetch COTC022-0304 after 4 attempts: RuntimeError: ICDC case query returned no case object for COTC022-0304.
COTC022-0306,FAIL,4,RuntimeError: Failed to fetch COTC022-0306 after 4 attempts: RuntimeError: ICDC case query returned no case object for COTC022-0306.
COTC022-0308,FAIL,4,RuntimeError: Failed to fetch COTC022-0308 after 4 attempts: RuntimeError: ICDC case query returned no case object for COTC022-0308.
COTC022-0310,FAIL,4,RuntimeError: Failed to fetch COTC022-0310 after 4 attempts: RuntimeError: ICDC case query returned no case object for COTC022-0310.
COTC022-0312,FAIL,4,RuntimeError: Failed to fetch COTC022-0312 after 4 attempts: RuntimeError: ICDC case query returned no case object for COTC022-0312.
COTC022-0318,FAIL,4,RuntimeError: Failed to fetch COTC022-0318 after 4 attempts: RuntimeError: ICDC case query returned no case object for COTC022-0318.
COTC022-0331,FAIL,4,RuntimeError: Failed to fetch COTC022-0331 after 4 attempts: RuntimeError: ICDC case query returned no case object for COTC022-0331.
COTC022-0333,FAIL,4,RuntimeError: Failed to fetch COTC022-0333 after 4 attempts: RuntimeError: ICDC case query returned no case object for COTC022-0333.
COTC022-0402,FAIL,4,RuntimeError: Failed to fetch COTC022-0402 after 4 attempts: RuntimeError: ICDC case query returned no case object for COTC022-0402.
COTC022-0404,FAIL,4,RuntimeError: Failed to fetch COTC022-0404 after 4 attempts: RuntimeError: ICDC case query returned no case object for COTC022-0404.
COTC022-0406,FAIL,4,RuntimeError: Failed to fetch COTC022-0406 after 4 attempts: RuntimeError: ICDC case query returned no case object for COTC022-0406.
COTC022-0408,FAIL,4,RuntimeError: Failed to fetch COTC022-0408 after 4 attempts: RuntimeError: ICDC case query returned no case object for COTC022-0408.
COTC022-0409,FAIL,4,RuntimeError: Failed to fetch COTC022-0409 after 4 attempts: RuntimeError: ICDC case query returned no case object for COTC022-0409.
COTC022-0410,FAIL,4,RuntimeError: Failed to fetch COTC022-0410 after 4 attempts: RuntimeError: ICDC case query returned no case object for COTC022-0410.
COTC022-0411,FAIL,4,RuntimeError: Failed to fetch COTC022-0411 after 4 attempts: RuntimeError: ICDC case query returned no case object for COTC022-0411.
COTC022-0502,FAIL,4,RuntimeError: Failed to fetch COTC022-0502 after 4 attempts: RuntimeError: ICDC case query returned no case object for COTC022-0502.
COTC022-0504,FAIL,4,RuntimeError: Failed to fetch COTC022-0504 after 4 attempts: RuntimeError: ICDC case query returned no case object for COTC022-0504.
COTC022-0506,FAIL,4,RuntimeError: Failed to fetch COTC022-0506 after 4 attempts: RuntimeError: ICDC case query returned no case object for COTC022-0506.
COTC022-0508,FAIL,4,RuntimeError: Failed to fetch COTC022-0508 after 4 attempts: RuntimeError: ICDC case query returned no case object for COTC022-0508.
COTC022-0510,FAIL,4,RuntimeError: Failed to fetch COTC022-0510 after 4 attempts: RuntimeError: ICDC case query returned no case object for COTC022-0510.
COTC022-0512,FAIL,4,RuntimeError: Failed to fetch COTC022-0512 after 4 attempts: RuntimeError: ICDC case query returned no case object for COTC022-0512.
COTC022-0514,FAIL,4,RuntimeError: Failed to fetch COTC022-0514 after 4 attempts: RuntimeError: ICDC case query returned no case object for COTC022-0514.
COTC022-0516,FAIL,4,RuntimeError: Failed to fetch COTC022-0516 after 4 attempts: RuntimeError: ICDC case query returned no case object for COTC022-0516.
COTC022-0518,FAIL,4,RuntimeError: Failed to fetch COTC022-0518 after 4 attempts: RuntimeError: ICDC case query returned no case object for COTC022-0518.
COTC022-0521,FAIL,4,RuntimeError: Failed to fetch COTC022-0521 after 4 attempts: RuntimeError: ICDC case query returned no case object for COTC022-0521.
COTC022-0522,FAIL,4,RuntimeError: Failed to fetch COTC022-0522 after 4 attempts: RuntimeError: ICDC case query returned no case object for COTC022-0522.
COTC022-0602,FAIL,4,RuntimeError: Failed to fetch COTC022-0602 after 4 attempts: RuntimeError: ICDC case query returned no case object for COTC022-0602.
COTC022-0604,FAIL,4,RuntimeError: Failed to fetch COTC022-0604 after 4 attempts: RuntimeError: ICDC case query returned no case object for COTC022-0604.
COTC022-0606,FAIL,4,RuntimeError: Failed to fetch COTC022-0606 after 4 attempts: RuntimeError: ICDC case query returned no case object for COTC022-0606.
COTC022-0608,FAIL,4,RuntimeError: Failed to fetch COTC022-0608 after 4 attempts: RuntimeError: ICDC case query returned no case object for COTC022-0608.
COTC022-0610,FAIL,4,RuntimeError: Failed to fetch COTC022-0610 after 4 attempts: RuntimeError: ICDC case query returned no case object for COTC022-0610.
COTC022-0611,FAIL,4,RuntimeError: Failed to fetch COTC022-0611 after 4 attempts: RuntimeError: ICDC case query returned no case object for COTC022-0611.
COTC022-0613,FAIL,4,RuntimeError: Failed to fetch COTC022-0613 after 4 attempts: RuntimeError: ICDC case query returned no case object for COTC022-0613.
COTC022-0614,FAIL,4,RuntimeError: Failed to fetch COTC022-0614 after 4 attempts: RuntimeError: ICDC case query returned no case object for COTC022-0614.
COTC022-0615,FAIL,4,RuntimeError: Failed to fetch COTC022-0615 after 4 attempts: RuntimeError: ICDC case query returned no case object for COTC022-0615.
COTC022-0616,FAIL,4,RuntimeError: Failed to fetch COTC022-0616 after 4 attempts: RuntimeError: ICDC case query returned no case object for COTC022-0616.
COTC022-0618,FAIL,4,RuntimeError: Failed to fetch COTC022-0618 after 4 attempts: RuntimeError: ICDC case query returned no case object for COTC022-0618.
COTC022-0619,FAIL,4,RuntimeError: Failed to fetch COTC022-0619 after 4 attempts: RuntimeError: ICDC case query returned no case object for COTC022-0619.
COTC022-0620,FAIL,4,RuntimeError: Failed to fetch COTC022-0620 after 4 attempts: RuntimeError: ICDC case query returned no case object for COTC022-0620.
COTC022-0623,FAIL,4,RuntimeError: Failed to fetch COTC022-0623 after 4 attempts: RuntimeError: ICDC case query returned no case object for COTC022-0623.
COTC022-0624,FAIL,4,RuntimeError: Failed to fetch COTC022-0624 after 4 attempts: RuntimeError: ICDC case query returned no case object for COTC022-0624.
COTC022-0627,FAIL,4,RuntimeError: Failed to fetch COTC022-0627 after 4 attempts: RuntimeError: ICDC case query returned no case object for COTC022-0627.
COTC022-0628,FAIL,4,RuntimeError: Failed to fetch COTC022-0628 after 4 attempts: RuntimeError: ICDC case query returned no case object for COTC022-0628.
COTC022-0632,FAIL,4,RuntimeError: Failed to fetch COTC022-0632 after 4 attempts: RuntimeError: ICDC case query returned no case object for COTC022-0632.
COTC022-0633,FAIL,4,RuntimeError: Failed to fetch COTC022-0633 after 4 attempts: RuntimeError: ICDC case query returned no case object for COTC022-0633.
COTC022-0634,FAIL,4,RuntimeError: Failed to fetch COTC022-0634 after 4 attempts: RuntimeError: ICDC case query returned no case object for COTC022-0634.
COTC022-0639,FAIL,4,RuntimeError: Failed to fetch COTC022-0639 after 4 attempts: RuntimeError: ICDC case query returned no case object for COTC022-0639.
COTC022-0642,FAIL,4,RuntimeError: Failed to fetch COTC022-0642 after 4 attempts: RuntimeError: ICDC case query returned no case object for COTC022-0642.
COTC022-0702,FAIL,4,RuntimeError: Failed to fetch COTC022-0702 after 4 attempts: RuntimeError: ICDC case query returned no case object for COTC022-0702.
COTC022-0704,FAIL,4,RuntimeError: Failed to fetch COTC022-0704 after 4 attempts: RuntimeError: ICDC case query returned no case object for COTC022-0704.
COTC022-0706,FAIL,4,RuntimeError: Failed to fetch COTC022-0706 after 4 attempts: RuntimeError: ICDC case query returned no case object for COTC022-0706.
COTC022-0708,FAIL,4,RuntimeError: Failed to fetch COTC022-0708 after 4 attempts: RuntimeError: ICDC case query returned no case object for COTC022-0708.
COTC022-0710,FAIL,4,RuntimeError: Failed to fetch COTC022-0710 after 4 attempts: RuntimeError: ICDC case query returned no case object for COTC022-0710.
COTC022-0712,FAIL,4,RuntimeError: Failed to fetch COTC022-0712 after 4 attempts: RuntimeError: ICDC case query returned no case object for COTC022-0712.
COTC022-0716,FAIL,4,RuntimeError: Failed to fetch COTC022-0716 after 4 attempts: RuntimeError: ICDC case query returned no case object for COTC022-0716.
COTC022-0718,FAIL,4,RuntimeError: Failed to fetch COTC022-0718 after 4 attempts: RuntimeError: ICDC case query returned no case object for COTC022-0718.
COTC022-0719,FAIL,4,RuntimeError: Failed to fetch COTC022-0719 after 4 attempts: RuntimeError: ICDC case query returned no case object for COTC022-0719.
COTC022-0720,FAIL,4,RuntimeError: Failed to fetch COTC022-0720 after 4 attempts: RuntimeError: ICDC case query returned no case object for COTC022-0720.
COTC022-0721,FAIL,4,RuntimeError: Failed to fetch COTC022-0721 after 4 attempts: RuntimeError: ICDC case query returned no case object for COTC022-0721.
COTC022-0727,FAIL,4,RuntimeError: Failed to fetch COTC022-0727 after 4 attempts: RuntimeError: ICDC case query returned no case object for COTC022-0727.
COTC022-0729,FAIL,4,RuntimeError: Failed to fetch COTC022-0729 after 4 attempts: RuntimeError: ICDC case query returned no case object for COTC022-0729.
COTC022-0733,FAIL,4,RuntimeError: Failed to fetch COTC022-0733 after 4 attempts: RuntimeError: ICDC case query returned no case object for COTC022-0733.
COTC022-0735,FAIL,4,RuntimeError: Failed to fetch COTC022-0735 after 4 attempts: RuntimeError: ICDC case query returned no case object for COTC022-0735.
COTC022-0802,FAIL,4,RuntimeError: Failed to fetch COTC022-0802 after 4 attempts: RuntimeError: ICDC case query returned no case object for COTC022-0802.
COTC022-0804,FAIL,4,RuntimeError: Failed to fetch COTC022-0804 after 4 attempts: RuntimeError: ICDC case query returned no case object for COTC022-0804.
COTC022-0806,FAIL,4,RuntimeError: Failed to fetch COTC022-0806 after 4 attempts: RuntimeError: ICDC case query returned no case object for COTC022-0806.
COTC022-0808,FAIL,4,RuntimeError: Failed to fetch COTC022-0808 after 4 attempts: RuntimeError: ICDC case query returned no case object for COTC022-0808.
COTC022-0812,FAIL,4,RuntimeError: Failed to fetch COTC022-0812 after 4 attempts: RuntimeError: ICDC case query returned no case object for COTC022-0812.
COTC022-0821,FAIL,4,RuntimeError: Failed to fetch COTC022-0821 after 4 attempts: RuntimeError: ICDC case query returned no case object for COTC022-0821.
COTC022-0823,FAIL,4,RuntimeError: Failed to fetch COTC022-0823 after 4 attempts: RuntimeError: ICDC case query returned no case object for COTC022-0823.
COTC022-0904,FAIL,4,RuntimeError: Failed to fetch COTC022-0904 after 4 attempts: RuntimeError: ICDC case query returned no case object for COTC022-0904.
COTC022-0905,FAIL,4,RuntimeError: Failed to fetch COTC022-0905 after 4 attempts: RuntimeError: ICDC case query returned no case object for COTC022-0905.
COTC022-0907,FAIL,4,RuntimeError: Failed to fetch COTC022-0907 after 4 attempts: RuntimeError: ICDC case query returned no case object for COTC022-0907.
COTC022-0909,FAIL,4,RuntimeError: Failed to fetch COTC022-0909 after 4 attempts: RuntimeError: ICDC case query returned no case object for COTC022-0909.
COTC022-0910,FAIL,4,RuntimeError: Failed to fetch COTC022-0910 after 4 attempts: RuntimeError: ICDC case query returned no case object for COTC022-0910.
COTC022-1002,FAIL,4,RuntimeError: Failed to fetch COTC022-1002 after 4 attempts: RuntimeError: ICDC case query returned no case object for COTC022-1002.
COTC022-1004,FAIL,4,RuntimeError: Failed to fetch COTC022-1004 after 4 attempts: RuntimeError: ICDC case query returned no case object for COTC022-1004.
COTC022-1006,FAIL,4,RuntimeError: Failed to fetch COTC022-1006 after 4 attempts: RuntimeError: ICDC case query returned no case object for COTC022-1006.
COTC022-1008,FAIL,4,RuntimeError: Failed to fetch COTC022-1008 after 4 attempts: RuntimeError: ICDC case query returned no case object for COTC022-1008.
COTC022-1010,FAIL,4,RuntimeError: Failed to fetch COTC022-1010 after 4 attempts: RuntimeError: ICDC case query returned no case object for COTC022-1010.
COTC022-1011,FAIL,4,RuntimeError: Failed to fetch COTC022-1011 after 4 attempts: RuntimeError: ICDC case query returned no case object for COTC022-1011.
COTC022-1012,FAIL,4,RuntimeError: Failed to fetch COTC022-1012 after 4 attempts: RuntimeError: ICDC case query returned no case object for COTC022-1012.
COTC022-1014,FAIL,4,RuntimeError: Failed to fetch COTC022-1014 after 4 attempts: RuntimeError: ICDC case query returned no case object for COTC022-1014.
COTC022-1016,FAIL,4,RuntimeError: Failed to fetch COTC022-1016 after 4 attempts: RuntimeError: ICDC case query returned no case object for COTC022-1016.
COTC022-1022,FAIL,4,RuntimeError: Failed to fetch COTC022-1022 after 4 attempts: RuntimeError: ICDC case query returned no case object for COTC022-1022.
COTC022-1023,FAIL,4,RuntimeError: Failed to fetch COTC022-1023 after 4 attempts: RuntimeError: ICDC case query returned no case object for COTC022-1023.
COTC022-1025,FAIL,4,RuntimeError: Failed to fetch COTC022-1025 after 4 attempts: RuntimeError: ICDC case query returned no case object for COTC022-1025.
COTC022-1102,FAIL,4,RuntimeError: Failed to fetch COTC022-1102 after 4 attempts: RuntimeError: ICDC case query returned no case object for COTC022-1102.
COTC022-1107,FAIL,4,RuntimeError: Failed to fetch COTC022-1107 after 4 attempts: RuntimeError: ICDC case query returned no case object for COTC022-1107.
COTC022-1110,FAIL,4,RuntimeError: Failed to fetch COTC022-1110 after 4 attempts: RuntimeError: ICDC case query returned no case object for COTC022-1110.
COTC022-1402,FAIL,4,RuntimeError: Failed to fetch COTC022-1402 after 4 attempts: RuntimeError: ICDC case query returned no case object for COTC022-1402.
COTC022-1404,FAIL,4,RuntimeError: Failed to fetch COTC022-1404 after 4 attempts: RuntimeError: ICDC case query returned no case object for COTC022-1404.
COTC022-1406,FAIL,4,RuntimeError: Failed to fetch COTC022-1406 after 4 attempts: RuntimeError: ICDC case query returned no case object for COTC022-1406.
COTC022-1410,FAIL,4,RuntimeError: Failed to fetch COTC022-1410 after 4 attempts: RuntimeError: ICDC case query returned no case object for COTC022-1410.
COTC022-1412,FAIL,4,RuntimeError: Failed to fetch COTC022-1412 after 4 attempts: RuntimeError: ICDC case query returned no case object for COTC022-1412.
COTC022-1414,FAIL,4,RuntimeError: Failed to fetch COTC022-1414 after 4 attempts: RuntimeError: ICDC case query returned no case object for COTC022-1414.
COTC022-1422,FAIL,4,RuntimeError: Failed to fetch COTC022-1422 after 4 attempts: RuntimeError: ICDC case query returned no case object for COTC022-1422.
COTC022-1704,FAIL,4,RuntimeError: Failed to fetch COTC022-1704 after 4 attempts: RuntimeError: ICDC case query returned no case object for COTC022-1704.
COTC022-1705,FAIL,4,RuntimeError: Failed to fetch COTC022-1705 after 4 attempts: RuntimeError: ICDC case query returned no case object for COTC022-1705.
COTC022-1707,FAIL,4,RuntimeError: Failed to fetch COTC022-1707 after 4 attempts: RuntimeError: ICDC case query returned no case object for COTC022-1707.
COTC022-1708,FAIL,4,RuntimeError: Failed to fetch COTC022-1708 after 4 attempts: RuntimeError: ICDC case query returned no case object for COTC022-1708.
COTC022-1709,FAIL,4,RuntimeError: Failed to fetch COTC022-1709 after 4 attempts: RuntimeError: ICDC case query returned no case object for COTC022-1709.
COTC022-1710,FAIL,4,RuntimeError: Failed to fetch COTC022-1710 after 4 attempts: RuntimeError: ICDC case query returned no case object for COTC022-1710.
COTC022-1712,FAIL,4,RuntimeError: Failed to fetch COTC022-1712 after 4 attempts: RuntimeError: ICDC case query returned no case object for COTC022-1712.
COTC022-1802,FAIL,4,RuntimeError: Failed to fetch COTC022-1802 after 4 attempts: RuntimeError: ICDC case query returned no case object for COTC022-1802.
COTC022-1803,FAIL,4,RuntimeError: Failed to fetch COTC022-1803 after 4 attempts: RuntimeError: ICDC case query returned no case object for COTC022-1803.
COTC022-1804,FAIL,4,RuntimeError: Failed to fetch COTC022-1804 after 4 attempts: RuntimeError: ICDC case query returned no case object for COTC022-1804.
COTC022-1808,FAIL,4,RuntimeError: Failed to fetch COTC022-1808 after 4 attempts: RuntimeError: ICDC case query returned no case object for COTC022-1808.
COTC022-1902,FAIL,4,RuntimeError: Failed to fetch COTC022-1902 after 4 attempts: RuntimeError: ICDC case query returned no case object for COTC022-1902.
COTC022-1911,FAIL,4,RuntimeError: Failed to fetch COTC022-1911 after 4 attempts: RuntimeError: ICDC case query returned no case object for COTC022-1911.
COTC022-1916,FAIL,4,RuntimeError: Failed to fetch COTC022-1916 after 4 attempts: RuntimeError: ICDC case query returned no case object for COTC022-1916.
COTC022-2002,FAIL,4,RuntimeError: Failed to fetch COTC022-2002 after 4 attempts: RuntimeError: ICDC case query returned no case object for COTC022-2002.
COTC022-2004,FAIL,4,RuntimeError: Failed to fetch COTC022-2004 after 4 attempts: RuntimeError: ICDC case query returned no case object for COTC022-2004.
COTC022-2005,FAIL,4,RuntimeError: Failed to fetch COTC022-2005 after 4 attempts: RuntimeError: ICDC case query returned no case object for COTC022-2005.
COTC022-2006,FAIL,4,RuntimeError: Failed to fetch COTC022-2006 after 4 attempts: RuntimeError: ICDC case query returned no case object for COTC022-2006.
COTC022-2008,FAIL,4,RuntimeError: Failed to fetch COTC022-2008 after 4 attempts: RuntimeError: ICDC case query returned no case object for COTC022-2008.
COTC022-2010,FAIL,4,RuntimeError: Failed to fetch COTC022-2010 after 4 attempts: RuntimeError: ICDC case query returned no case object for COTC022-2010.
COTC022-2011,FAIL,4,RuntimeError: Failed to fetch COTC022-2011 after 4 attempts: RuntimeError: ICDC case query returned no case object for COTC022-2011.
COTC022-2012,FAIL,4,RuntimeError: Failed to fetch COTC022-2012 after 4 attempts: RuntimeError: ICDC case query returned no case object for COTC022-2012.
COTC022-2202,FAIL,4,RuntimeError: Failed to fetch COTC022-2202 after 4 attempts: RuntimeError: ICDC case query returned no case object for COTC022-2202.
COTC022-2204,FAIL,4,RuntimeError: Failed to fetch COTC022-2204 after 4 attempts: RuntimeError: ICDC case query returned no case object for COTC022-2204.
COTC022-2206,FAIL,4,RuntimeError: Failed to fetch COTC022-2206 after 4 attempts: RuntimeError: ICDC case query returned no case object for COTC022-2206.
COTC022-2207,FAIL,4,RuntimeError: Failed to fetch COTC022-2207 after 4 attempts: RuntimeError: ICDC case query returned no case object for COTC022-2207.
COTC022-2208,FAIL,4,RuntimeError: Failed to fetch COTC022-2208 after 4 attempts: RuntimeError: ICDC case query returned no case object for COTC022-2208.
COTC022-2210,FAIL,4,RuntimeError: Failed to fetch COTC022-2210 after 4 attempts: RuntimeError: ICDC case query returned no case object for COTC022-2210.
COTC022-2213,FAIL,4,RuntimeError: Failed to fetch COTC022-2213 after 4 attempts: RuntimeError: ICDC case query returned no case object for COTC022-2213.
COTC022-2302,FAIL,4,RuntimeError: Failed to fetch COTC022-2302 after 4 attempts: RuntimeError: ICDC case query returned no case object for COTC022-2302.
COTC022-2303,FAIL,4,RuntimeError: Failed to fetch COTC022-2303 after 4 attempts: RuntimeError: ICDC case query returned no case object for COTC022-2303.
COTC022-2304,FAIL,4,RuntimeError: Failed to fetch COTC022-2304 after 4 attempts: RuntimeError: ICDC case query returned no case object for COTC022-2304.
COTC022-2306,FAIL,4,RuntimeError: Failed to fetch COTC022-2306 after 4 attempts: RuntimeError: ICDC case query returned no case object for COTC022-2306.
COTC022-2308,FAIL,4,RuntimeError: Failed to fetch COTC022-2308 after 4 attempts: RuntimeError: ICDC case query returned no case object for COTC022-2308.
COTC022-2310,FAIL,4,RuntimeError: Failed to fetch COTC022-2310 after 4 attempts: RuntimeError: ICDC case query returned no case object for COTC022-2310.
COTC022-2314,FAIL,4,RuntimeError: Failed to fetch COTC022-2314 after 4 attempts: RuntimeError: ICDC case query returned no case object for COTC022-2314.
COTC022-2315,FAIL,4,RuntimeError: Failed to fetch COTC022-2315 after 4 attempts: RuntimeError: ICDC case query returned no case object for COTC022-2315.
COTC022-2316,FAIL,4,RuntimeError: Failed to fetch COTC022-2316 after 4 attempts: RuntimeError: ICDC case query returned no case object for COTC022-2316.
COTC022-2318,FAIL,4,RuntimeError: Failed to fetch COTC022-2318 after 4 attempts: RuntimeError: ICDC case query returned no case object for COTC022-2318.
COTC022-2319,FAIL,4,RuntimeError: Failed to fetch COTC022-2319 after 4 attempts: RuntimeError: ICDC case query returned no case object for COTC022-2319.
COTC022-2320,FAIL,4,RuntimeError: Failed to fetch COTC022-2320 after 4 attempts: RuntimeError: ICDC case query returned no case object for COTC022-2320.
COTC022-2322,FAIL,4,RuntimeError: Failed to fetch COTC022-2322 after 4 attempts: RuntimeError: ICDC case query returned no case object for COTC022-2322.
