kind,namespace,relative_path,suffix,bytes,sha256
result_artifact,results\human_posthold_descriptive\05f3f,results\human_posthold_descriptive\05f3f\execution_input\TARGET_OS_complete86_primary_endpoint.tsv,.tsv,4323,5a0dbc272fa0809f7bd41493ab34868dd06a053e57e55eeb421e11813f626dfc
result_artifact,results\human_posthold_descriptive\05f3f,results\human_posthold_descriptive\05f3f\execution_input\TARGET_OS_complete86_raw_aligned_11815genes.npz,.npz,7554504,ed24af7dc1d9f6448d6cc4f46ab23a8784ea7b85808a470e5d774e48d4f49baf
result_artifact,results\human_posthold_descriptive\05f3f,results\human_posthold_descriptive\05f3f\frozen_execution\TARGET_branch_result.json,.json,1788,6bf663751c3b623179e913c4474c1fb398d33ea7ca432e054c923bc337e131e4
result_artifact,results\human_posthold_descriptive\05f3f,results\human_posthold_descriptive\05f3f\frozen_execution\TARGET_classical_inner_tuning.tsv,.tsv,1384531,a6b6e225af0158bce46b6ed6ab21d4a4c383f57addae6767401ac4d1baab5f53
result_artifact,results\human_posthold_descriptive\05f3f,results\human_posthold_descriptive\05f3f\frozen_execution\TARGET_fold_metrics.tsv,.tsv,90655,05b8426dcd7d35ef8689ccaa8bf0ae9015a8723c0919a30180da7a88c5d0cba4
result_artifact,results\human_posthold_descriptive\05f3f,results\human_posthold_descriptive\05f3f\frozen_execution\TARGET_model_summary.tsv,.tsv,955,4822dbcfecaf94cc2c6a1ee99e862fc4708173e60c7638c03099d9611296d157
result_artifact,results\human_posthold_descriptive\05f3f,results\human_posthold_descriptive\05f3f\frozen_execution\TARGET_oof_predictions.tsv,.tsv,1007502,3d104a293d578dfc6844a7bcfdc4f2c7719eee76721a4bc5f7ce11a6bc1b7f4e
result_artifact,results\human_posthold_descriptive\05f3f,results\human_posthold_descriptive\05f3f\frozen_execution\TARGET_patient_bootstrap_delta_uno.tsv,.tsv,974381,e79a1003fd424d36b1003b130e406390ea425f5349f53236fdadc0d60c57e7b0
result_artifact,results\human_posthold_descriptive\05f3f,results\human_posthold_descriptive\05f3f\frozen_execution\TARGET_patient_bootstrap_model_uno.tsv,.tsv,1246833,8a6e8e6086c77acebb86b4a190d8e9cbecc172054d3c5e321fc3490f33d786b8
result_artifact,results\human_posthold_descriptive\05f3f,results\human_posthold_descriptive\05f3f\frozen_execution\TARGET_split_registry.tsv,.tsv,414436,ec5b714b8faaa7bf38380d3134bde72fb25db2d1410d3b657183a3dfbf12f5bd
result_artifact,results\human_posthold_descriptive\05f3f,results\human_posthold_descriptive\05f3f\runner\__pycache__\frozen_TARGET86_evaluation_runner_v3_bytesafe.cpython-310.pyc,.pyc,24260,5f88613eaacac454ffd9e8611f222d67b8b9d25db4cffde3a872218706336dcd
result_artifact,results\human_posthold_descriptive\05f3f,results\human_posthold_descriptive\05f3f\runner\frozen_TARGET86_evaluation_runner_v3_bytesafe.py,.py,48566,315789ee964cc356ef2f76909c1969c7c5e9c210f8ffaa9690ffa3e22dd97245
result_artifact,results\human_posthold_descriptive\05f3f,results\human_posthold_descriptive\05f3f\runner_v2_to_v3_exact_patch_audit.json,.json,1422,4b1ff93bcf3e83df6999d3c321dd3df4f94e08a51b7a0a54317165913e9cb557
result_artifact,results\human_posthold_descriptive\05f3f,results\human_posthold_descriptive\05f3f\summary.json,.json,4814,a6c0b9ebb3ca576d55c0932dfbd60c50fa344522855fc958a7c84a91c61b70a7
result_artifact,results\human_posthold_descriptive\05f3f,results\human_posthold_descriptive\05f3f\TARGET86_execution_input_audit.json,.json,1082,976fe40dc907958392a9e95757f448b6701f493f8a8d090676d776fdece15871
result_artifact,results\human_posthold_descriptive\05f3d,results\human_posthold_descriptive\05f3d\runner\frozen_TARGET86_evaluation_runner_v3.py,.py,48566,315789ee964cc356ef2f76909c1969c7c5e9c210f8ffaa9690ffa3e22dd97245
result_artifact,results\human_posthold_descriptive\05f3c,results\human_posthold_descriptive\05f3c\minimal_runner_patch_plan.json,.json,909,acd5bfe4fec0e3583dc586e87e8c43c354e3e0e0d1840ed4ac36f457fa1c4e6d
result_artifact,results\human_posthold_descriptive\05f3c,results\human_posthold_descriptive\05f3c\summary.json,.json,1047,aa0ae1e7589501b9fd0874b36c4af4a748dcbc3f67fc6717fda958a6a571f45b
result_artifact,results\human_posthold_descriptive\05f3c,results\human_posthold_descriptive\05f3c\TARGET86_zero_time_metric_support_audit.tsv,.tsv,4716,a2e08ee7694e9e4da6c6e91a317f3382ae609abf0fc4785a40e51a86ef72aa33
result_artifact,results\human_posthold_descriptive\05f3c,results\human_posthold_descriptive\05f3c\zero_time_execution_semantics_audit.json,.json,2486,4de4ad52b0f3d70f25f8e0bb06292c7ced454b3e44052b846ba6d06773d42f58
result_artifact,results\human_posthold_descriptive\05f3c,results\human_posthold_descriptive\05f3c\zero_time_synthetic_survival_stack_audit.tsv,.tsv,290,3b738a0103298ace0e57254f787f177436e8518dff6f3b817ee9e5c0a99fcf12
result_artifact,results\human_posthold_descriptive\05f3b_v2,results\human_posthold_descriptive\05f3b_v2\postopening_complete_case_reconciliation.json,.json,4310,0baf87b4cb63fe09418f89231330842efafdeec40cb996d36a0470c7ddc4285f
result_artifact,results\human_posthold_descriptive\05f3b_v2,results\human_posthold_descriptive\05f3b_v2\summary.json,.json,998,2877f0a063e0b0bedec55af2e4531d0e516579c5711d5f73aefab9747a13b716
result_artifact,results\human_posthold_descriptive\05f3b_v2,results\human_posthold_descriptive\05f3b_v2\TARGET_OS_complete_primary_endpoint_roster.tsv,.tsv,11183,09546a389783f6f2282f5f3e881c2611d4e4ce698c29a03322a001502c621fbd
result_artifact,results\human_posthold_descriptive\05f3b_v2,results\human_posthold_descriptive\05f3b_v2\TARGET_OS_endpoint_completeness_audit.tsv,.tsv,11351,a8b78ea5035835a196468986b755029d34b4881d572d8060b37474ec140056b6
result_artifact,results\human_posthold_descriptive\05f3b_v2,results\human_posthold_descriptive\05f3b_v2\TARGET_OS_incomplete_primary_endpoint_roster.tsv,.tsv,364,27fb15ac42800d367caddf2f0453c98a7866bd8304943f8f8a0f01206d81c0cc
result_artifact,results\human_posthold_descriptive\05f2c_v2,results\human_posthold_descriptive\05f2c_v2\runner\__pycache__\frozen_TARGET_evaluation_runner_v2.cpython-310.pyc,.pyc,24252,11c7844d685ba34e14e536277aa3be0dd7579eb1d32c468c3bdf64b944cc3f27
result_artifact,results\human_posthold_descriptive\05f2c_v2,results\human_posthold_descriptive\05f2c_v2\runner\frozen_TARGET_evaluation_runner_v2.py,.py,48567,8c7d5e03912463f51220057a35aaa14811c9f423c6fe0e24061aff29251f8075
result_artifact,results\human_posthold_descriptive\05f2c_v2,results\human_posthold_descriptive\05f2c_v2\summary.json,.json,967,0b6b098b6f97e2d40752380b8d3cb0e081ccef5c54e10eafcad9ab2cbf295071
result_artifact,results\human_posthold_descriptive\05f2c_v2,results\human_posthold_descriptive\05f2c_v2\synthetic_runner_smoke_test.json,.json,696,7be042aa31073b7c5bbc5d16c33b0b9d77879e7eb78506ce514764cddb4c67b8
result_artifact,results\human_posthold_descriptive\05f2c_v2,results\human_posthold_descriptive\05f2c_v2\technical_runner_amendment_contract.json,.json,3837,0dde67e0d51bc267db3f5055343779b44949dedc24e777672e005ecd01d71935
result_artifact,results\human_posthold_descriptive\05f2b,results\human_posthold_descriptive\05f2b\DOG2_source_artifact_replay_audit.tsv,.tsv,186,2eef50c6443bdc98878cc17a365a9527efe042a26a405d67ec2c61a766e17dbb
result_artifact,results\human_posthold_descriptive\05f2b,results\human_posthold_descriptive\05f2b\runner\__pycache__\frozen_TARGET_evaluation_runner.cpython-310.pyc,.pyc,24157,5ffedc2dd342d60d711451e37704eee516eb506f562f10b328d17f36674ab9f8
result_artifact,results\human_posthold_descriptive\05f2b,results\human_posthold_descriptive\05f2b\runner\frozen_TARGET_evaluation_runner.py,.py,47833,eff1269e3f8270b37e0ef5581eff9cbabf8f6ca089b093de924d8266e6058890
result_artifact,results\human_posthold_descriptive\05f2b,results\human_posthold_descriptive\05f2b\source_artifacts\DOG2_full_source_classical_ridge.npz,.npz,1817,5a0c362313174cc85986ca263f15b4d8378270861ea41387728a6f5ce534899e
result_artifact,results\human_posthold_descriptive\05f2b,results\human_posthold_descriptive\05f2b\source_artifacts\DOG2_full_source_Hallmark50_representation.npz,.npz,254839,602b7da4dd722265dbaeb59a54c1ff2d0dbc5153744edf36ac79abd24832a0d1
result_artifact,results\human_posthold_descriptive\05f2b,results\human_posthold_descriptive\05f2b\source_artifacts\DOG2_full_source_neural_mlp.npz,.npz,11032,fbff9b5363cc24c83ba3e573235a35737833dd54fec33a1016072cb8a709428b
result_artifact,results\human_posthold_descriptive\05f2b,results\human_posthold_descriptive\05f2b\source_artifacts_and_final_runner_contract.json,.json,4850,1c9780214a917216cc2dcb39dfa708fc43912c47a7b325e4b6a62ba81ca2b3fc
result_artifact,results\human_posthold_descriptive\05f2b,results\human_posthold_descriptive\05f2b\summary.json,.json,2053,67d34eaf7fa9395b47e0add72933d749dc67ef487d00e6c118a7e12bf7a79488
result_artifact,results\human_posthold_descriptive\05f2b,results\human_posthold_descriptive\05f2b\TARGET_final_output_schema.tsv,.tsv,602,e368bdfddc5a514f284dcff111e92d2f02f73906ce956b512d3361221832753e
result_artifact,results\human_posthold_descriptive\05f1c,results\human_posthold_descriptive\05f1c\TARGET_clinical_header.tsv,.tsv,659,41d215d61ec4a2f2d7fc678190ab48e9b67c5f325504d7e433b7689efcad8a04
script,scripts,scripts\05f3f_run_exact_target86_semantic_f3c_lock.py,.py,28541,a363e0922dbd8557cd42973adb018ea93207a2874560188f34090744ce70fb98
script,scripts,scripts\05f3e_run_exact_target86_bytesafe_audited_runner_patch.py,.py,40230,a6fad08c3413252f0e429f3325e706e886ac23b32521dd8c36ed93039390aeb5
script,scripts,scripts\05f3d_run_exact_target86_after_audited_zero_time_amendment.py,.py,35022,c5e201220ebdf1e9b12b3e3cec4fccda71551ac23bf13babdea1efb8f6995a84
script,scripts,scripts\05f3c_audit_target_zero_time_execution_semantics.py,.py,36454,148fe4810df47e6bedcc1281f66276e0c9fc43afd2ba71e8807ddbe00bb72a26
script,scripts,scripts\05f3b_audit_target_os_preexisting_complete_case_policy.py,.py,31885,7d3f8611b441e552a785dcde55877bda14129b76526d44a2166bc09d67c034ab
script,scripts,scripts\05f3b_v2_audit_target_os_complete_case_and_zero_time_policy.py,.py,33847,4028d8f5ade1b0d9caf71cb68414c2f80dd5ab2fe5757ce23f29e649a788362b
script,scripts,scripts\05f2c_preoutcome_validate_amend_target_runner.py,.py,79142,983ddac47ce3812fce61a0bdb589189cd7859cbc6619708cd6676b24c0ad1a27
script,scripts,scripts\05f2c_preoutcome_validate_amend_target_runner_v2.py,.py,81600,40652180847b5ae77e508058ff7c2790b23526e9198f4905f226fe8accd8cfef
script,scripts,scripts\05f2b_materialize_dog2_source_artifacts_freeze_target_runner.py,.py,93269,1bc7ca9dd8515602037c69cd9de54f5f6738bb31249090c29c4b26b27c88e3ba
script,scripts,scripts\05f1c0_probe_target_clinical_identifier_schema.py,.py,13464,b445bd4884d29b1d42984411f0edb587e5e10f4e80418db6675cd75a83b33e52
script,scripts,scripts\05f1c_freeze_target_clinical_schema_and_evaluation_mechanics.py,.py,43916,379354b931ef38fa8aef930d9be0863b573f58641f236c326aa70b30065a229b
script,scripts,scripts\05f1c_freeze_target_clinical_schema_and_evaluation_mechanics_v2.py,.py,48610,96d9515908e5eb46a40a186f52266915b6160c3c68d70ae3fc8a5959a02f967a
script,scripts,scripts\04c0_freeze_conservative_ibs_feasibility_amendment.py,.py,13769,c8099bfa57d171b86643d69a240da8c0b4ffd04b0e19c18df605f939738e715b
script,scripts,scripts\04c_run_classical_premise_test.py,.py,93164,9534b5cd3a5f126ec73622c0a4e3570ea1d3b944026de1d538b63b46606bdd0f
script,scripts,scripts\04c_run_classical_premise_test_v2.py,.py,100788,21a52322de6727ab7408dde8bba81a582aed9994877bc0308ef75217ef14d75f
script,scripts,scripts\04c_run_classical_premise_test_v3.py,.py,101465,76deefaea942ab29cc19e93da550f55ef16c0deb25488568d0928e4b946d41d8
