relative_path,function,line_number,end_line_number
scripts\05f3c_audit_target_zero_time_execution_semantics.py,actual_endpoint_metric_support,639,838
scripts\04c_run_classical_premise_test.py,make_surv,268,272
scripts\04c_run_classical_premise_test.py,stratified_splits,737,757
scripts\04c_run_classical_premise_test.py,censoring_km_training,1111,1133
scripts\04c_run_classical_premise_test.py,ipcw_brier_score,1150,1203
scripts\04c_run_classical_premise_test.py,choose_ibs_grid,1206,1246
scripts\04c_run_classical_premise_test.py,integrated_brier_custom,1249,1264
scripts\04c_run_classical_premise_test.py,symmetric_matrix_power,1271,1281
scripts\04c_run_classical_premise_test.py,weighted_mean_ibs,1642,1653
scripts\04c_run_classical_premise_test.py,paired_bootstrap_delta_c,1656,1694
scripts\04c_run_classical_premise_test.py,_fit_breslow_baseline,853,873
scripts\04c_run_classical_premise_test.py,predict_survival_matrix,880,898
scripts\04c_run_classical_premise_test_v2.py,make_surv,275,279
scripts\04c_run_classical_premise_test_v2.py,stratified_splits,744,764
scripts\04c_run_classical_premise_test_v2.py,censoring_km_training,1118,1140
scripts\04c_run_classical_premise_test_v2.py,ipcw_brier_score,1157,1210
scripts\04c_run_classical_premise_test_v2.py,choose_ibs_grid,1213,1253
scripts\04c_run_classical_premise_test_v2.py,integrated_brier_custom,1256,1271
scripts\04c_run_classical_premise_test_v2.py,symmetric_matrix_power,1278,1288
scripts\04c_run_classical_premise_test_v2.py,weighted_mean_ibs,1673,1691
scripts\04c_run_classical_premise_test_v2.py,paired_bootstrap_delta_c,1694,1732
scripts\04c_run_classical_premise_test_v2.py,_fit_breslow_baseline,860,880
scripts\04c_run_classical_premise_test_v2.py,predict_survival_matrix,887,905
scripts\04c_run_classical_premise_test_v3.py,make_surv,275,279
scripts\04c_run_classical_premise_test_v3.py,stratified_splits,744,764
scripts\04c_run_classical_premise_test_v3.py,censoring_km_training,1118,1140
scripts\04c_run_classical_premise_test_v3.py,ipcw_brier_score,1157,1210
scripts\04c_run_classical_premise_test_v3.py,choose_ibs_grid,1213,1253
scripts\04c_run_classical_premise_test_v3.py,integrated_brier_custom,1256,1271
scripts\04c_run_classical_premise_test_v3.py,symmetric_matrix_power,1278,1288
scripts\04c_run_classical_premise_test_v3.py,weighted_mean_ibs,1673,1691
scripts\04c_run_classical_premise_test_v3.py,paired_bootstrap_delta_c,1694,1732
scripts\04c_run_classical_premise_test_v3.py,_fit_breslow_baseline,860,880
scripts\04c_run_classical_premise_test_v3.py,predict_survival_matrix,887,905
