scenario_id,scenario_class,family,regime,replicates,npz_relative_path,npz_sha256,npz_bytes
CORE_0000,CORE,CORE_PHASE_DIAGRAM,R0,200,results\simulation_phase_diagram\05d\scenario_metrics\CORE_0000.npz,22c05074dd7dde4ce4dcd40ec60d9543529831bae5917b7190f70a890f4ecf36,37390
CORE_0001,CORE,CORE_PHASE_DIAGRAM,R1,200,results\simulation_phase_diagram\05d\scenario_metrics\CORE_0001.npz,f06c1a58a6e02bcb14411a5b40932de2d819e4b5e0070f686406af8c7861147f,44444
CORE_0002,CORE,CORE_PHASE_DIAGRAM,R2,200,results\simulation_phase_diagram\05d\scenario_metrics\CORE_0002.npz,beee1e0376817b3d1f6a93c5256a273c6346468d5da71b3fcfe99d5e1e0716d6,44652
CORE_0003,CORE,CORE_PHASE_DIAGRAM,R3,200,results\simulation_phase_diagram\05d\scenario_metrics\CORE_0003.npz,7f303fec88f81e11e87643793f57716a16140432f9c58267d9981d265ba8753f,44466
CORE_0004,CORE,CORE_PHASE_DIAGRAM,R4,200,results\simulation_phase_diagram\05d\scenario_metrics\CORE_0004.npz,99b22f50690ebeacbd4dc1cffbd3e13b99b6ecf79b09a754e1704bb38a8c617d,38786
CORE_0005,CORE,CORE_PHASE_DIAGRAM,R5,200,results\simulation_phase_diagram\05d\scenario_metrics\CORE_0005.npz,c0e358f67ae58d05ca83d323bb2209489eda84808ab904a4478912295ed1fddc,38805
CORE_0006,CORE,CORE_PHASE_DIAGRAM,R0,200,results\simulation_phase_diagram\05d\scenario_metrics\CORE_0006.npz,f5835dd36a504e275249582420e6b8c5a3c3a2617d7eea267f8e34f1c7fe6894,37806
CORE_0007,CORE,CORE_PHASE_DIAGRAM,R1,200,results\simulation_phase_diagram\05d\scenario_metrics\CORE_0007.npz,20ab658cdea369fa4a9d48312a7130b51fd11f196b18036fbc7ba7283f3690eb,44723
CORE_0008,CORE,CORE_PHASE_DIAGRAM,R2,200,results\simulation_phase_diagram\05d\scenario_metrics\CORE_0008.npz,36a80326ebb519ba855cc228a0636e4f59fdd0c6942cd2535b6d46969f68427b,44897
CORE_0009,CORE,CORE_PHASE_DIAGRAM,R3,200,results\simulation_phase_diagram\05d\scenario_metrics\CORE_0009.npz,e4141236cf08d2b776d56e65abe4184b091d11b6740affabe56f95602249c381,44662
CORE_0010,CORE,CORE_PHASE_DIAGRAM,R4,200,results\simulation_phase_diagram\05d\scenario_metrics\CORE_0010.npz,3e49aa5a55a1b3cb4948205d4efb69823236c08542676e1400065e8a8bd10f56,38788
CORE_0011,CORE,CORE_PHASE_DIAGRAM,R5,200,results\simulation_phase_diagram\05d\scenario_metrics\CORE_0011.npz,f4d4cf06d3d53d9dd500f2e6806684405311365ec0551c8d28e8f74b15db42f8,39223
CORE_0012,CORE,CORE_PHASE_DIAGRAM,R0,200,results\simulation_phase_diagram\05d\scenario_metrics\CORE_0012.npz,56d2771cf4bd75da7338cb829cd1c662b2eae9cd754aa8b6741aba1f75a5a958,37726
CORE_0013,CORE,CORE_PHASE_DIAGRAM,R1,200,results\simulation_phase_diagram\05d\scenario_metrics\CORE_0013.npz,02f884d30ca696dff4045a1c3f73acc9883029403860dd68131d619f5134e741,44876
CORE_0014,CORE,CORE_PHASE_DIAGRAM,R2,200,results\simulation_phase_diagram\05d\scenario_metrics\CORE_0014.npz,770826dc0aa759935877fed44f2cb3c10f3c67d7e90e2b4838782b258d636091,45052
CORE_0015,CORE,CORE_PHASE_DIAGRAM,R3,200,results\simulation_phase_diagram\05d\scenario_metrics\CORE_0015.npz,d4510b3abfc7a87203a92d2935a54c101a303497da0979c361b7a3529c517c27,45026
CORE_0016,CORE,CORE_PHASE_DIAGRAM,R4,200,results\simulation_phase_diagram\05d\scenario_metrics\CORE_0016.npz,b1f663eb79acd6b9a90526363dac5c5b459d27a29a32bf5bfc24fee58486238f,38713
CORE_0017,CORE,CORE_PHASE_DIAGRAM,R5,200,results\simulation_phase_diagram\05d\scenario_metrics\CORE_0017.npz,0bed02c2b60c53fc1cf625606a5c2d1c6fd4a0d945ed7de6088ea044d2733b77,39304
CORE_0018,CORE,CORE_PHASE_DIAGRAM,R0,200,results\simulation_phase_diagram\05d\scenario_metrics\CORE_0018.npz,165b48c790a0fcf379dffcebd3148b6b0d5518b46f7026c24491b25faccd4b1b,37676
CORE_0019,CORE,CORE_PHASE_DIAGRAM,R1,200,results\simulation_phase_diagram\05d\scenario_metrics\CORE_0019.npz,87fcbc6983f1549f330562f85d7ce73c699883c4f51e41f2362c56ea9ee6af1c,45091
CORE_0020,CORE,CORE_PHASE_DIAGRAM,R2,200,results\simulation_phase_diagram\05d\scenario_metrics\CORE_0020.npz,4340a5af9b6ee20bee6df3c205247b49c57a849d97cd0bf82d323a50af717675,45655
CORE_0021,CORE,CORE_PHASE_DIAGRAM,R3,200,results\simulation_phase_diagram\05d\scenario_metrics\CORE_0021.npz,80af84b90ea11557e14c43629298d84eb2caf56dc6d715eece962328c66c5e26,44978
CORE_0022,CORE,CORE_PHASE_DIAGRAM,R4,200,results\simulation_phase_diagram\05d\scenario_metrics\CORE_0022.npz,a6a501101dfa861114c1f6fafbb4b078d799f48c9e47e49d930977a4c696c2ed,38920
CORE_0023,CORE,CORE_PHASE_DIAGRAM,R5,200,results\simulation_phase_diagram\05d\scenario_metrics\CORE_0023.npz,9bb6056dc0b03dde373e1b8f2d868e94cb568e2996af95f0fca0d09a86d4b8f5,39205
CORE_0024,CORE,CORE_PHASE_DIAGRAM,R0,200,results\simulation_phase_diagram\05d\scenario_metrics\CORE_0024.npz,fd00a25c10bec9a409b80d6a43ba922c8f7312e816f3a70f4fa3a2197e118c64,37764
CORE_0025,CORE,CORE_PHASE_DIAGRAM,R1,200,results\simulation_phase_diagram\05d\scenario_metrics\CORE_0025.npz,ad767044492797d4713d648768955f081614e229ac71c0398bbd4fc8d9261e0a,45185
CORE_0026,CORE,CORE_PHASE_DIAGRAM,R2,200,results\simulation_phase_diagram\05d\scenario_metrics\CORE_0026.npz,dcaf7f49c2e22ddef55c2449ef0c8a9f4ad6f5920b350cd6e0c1a08c3c3196fb,45349
CORE_0027,CORE,CORE_PHASE_DIAGRAM,R3,200,results\simulation_phase_diagram\05d\scenario_metrics\CORE_0027.npz,62fba5f3a29a27e6f078a76dd52058f8ad5f93ea87ea01a9710ac28ef4548b90,45132
CORE_0028,CORE,CORE_PHASE_DIAGRAM,R4,200,results\simulation_phase_diagram\05d\scenario_metrics\CORE_0028.npz,1e538e1e03c3df87796fd985ebd85137507be936fabc0312158e78e56b4ae736,38875
CORE_0029,CORE,CORE_PHASE_DIAGRAM,R5,200,results\simulation_phase_diagram\05d\scenario_metrics\CORE_0029.npz,19318fef1ff622cd68cf2470f4c894a04a392e39d6a1ebaf6bd23367944d0bd2,38930
CORE_0030,CORE,CORE_PHASE_DIAGRAM,R0,200,results\simulation_phase_diagram\05d\scenario_metrics\CORE_0030.npz,05561bfb7094c23aacd3c2061ba15a964e644db5ad6261a61c755b216c741c6c,37973
CORE_0031,CORE,CORE_PHASE_DIAGRAM,R1,200,results\simulation_phase_diagram\05d\scenario_metrics\CORE_0031.npz,90b6702bfb883734ddef0db2889de3741b32c7daf9140582ee20287649fd3522,45182
CORE_0032,CORE,CORE_PHASE_DIAGRAM,R2,200,results\simulation_phase_diagram\05d\scenario_metrics\CORE_0032.npz,dda2d1e293ccf05e8b9e2f87baad8aeac5ea1e766016caabccffccd2237ba181,45291
CORE_0033,CORE,CORE_PHASE_DIAGRAM,R3,200,results\simulation_phase_diagram\05d\scenario_metrics\CORE_0033.npz,e5d1d4093fd2243822cd1e6da526b360cd6b789ef6a8b6d0b7f146e27785c32f,45279
CORE_0034,CORE,CORE_PHASE_DIAGRAM,R4,200,results\simulation_phase_diagram\05d\scenario_metrics\CORE_0034.npz,5c9ce14b921cd089ea5cd7efff6dc93d62d2cd52c93fcacb6ce18ff6ae234568,38729
CORE_0035,CORE,CORE_PHASE_DIAGRAM,R5,200,results\simulation_phase_diagram\05d\scenario_metrics\CORE_0035.npz,2a8b55beb1958fa05b1ce0368fc65f53b0556092873b7177ba9bd79d2520a6cc,39204
STRESS_0036,STRESS,SHIFT_CENSOR_STRESS,R2,100,results\simulation_phase_diagram\05d\scenario_metrics\STRESS_0036.npz,ac1a3b6733682912350239f83491a17e005e8a9c85be3162c552e078b7283ab0,23612
STRESS_0037,STRESS,SHIFT_CENSOR_STRESS,R2,100,results\simulation_phase_diagram\05d\scenario_metrics\STRESS_0037.npz,035b616f8aa2abd89ea228187dd577669fc2849bf63cdf8addb6665a8eaafa04,24149
STRESS_0038,STRESS,SHIFT_CENSOR_STRESS,R2,100,results\simulation_phase_diagram\05d\scenario_metrics\STRESS_0038.npz,7cdd5dfce88a8f4deb6878f49bba1b08799f6c9f65d47e36a297032933035d08,24793
STRESS_0039,STRESS,SHIFT_CENSOR_STRESS,R2,100,results\simulation_phase_diagram\05d\scenario_metrics\STRESS_0039.npz,f34834fe5be5afb8ef878c5b29df30ecb99a9a2f62be6ba31fb4451f8d2b545d,23905
STRESS_0040,STRESS,SHIFT_CENSOR_STRESS,R2,100,results\simulation_phase_diagram\05d\scenario_metrics\STRESS_0040.npz,832f0b31b499730d5a656942b9717c9c93c73d097e53b5f779b326b701ef955d,24129
STRESS_0041,STRESS,SHIFT_CENSOR_STRESS,R2,100,results\simulation_phase_diagram\05d\scenario_metrics\STRESS_0041.npz,4f1204a53c0b92428bbeab8328bc12fe9863bcdda6a9b2d4e894795eca5c2006,24652
STRESS_0042,STRESS,SHIFT_CENSOR_STRESS,R2,100,results\simulation_phase_diagram\05d\scenario_metrics\STRESS_0042.npz,5e0b7be35844906195d235da61deae828a12c5ca8ab71dce0faf200a1ccbf100,23935
STRESS_0043,STRESS,SHIFT_CENSOR_STRESS,R2,100,results\simulation_phase_diagram\05d\scenario_metrics\STRESS_0043.npz,849b71ddba175e3ac103aa8d7aa8e861af675b136f4fca8d22ac9aa8b5be80a4,24364
STRESS_0044,STRESS,SHIFT_CENSOR_STRESS,R2,100,results\simulation_phase_diagram\05d\scenario_metrics\STRESS_0044.npz,33398fceeafb0acd1252c8a01cb344afba2d3ae609afc24bb57825e1a82fa2f8,24965
STRESS_0045,STRESS,MAPPING_PRIOR_STRESS,R2,100,results\simulation_phase_diagram\05d\scenario_metrics\STRESS_0045.npz,752c90d9e131aee45f518047e635e5e1edd605e645fca2dd7dd904442996ef40,24305
STRESS_0046,STRESS,MAPPING_PRIOR_STRESS,R2,100,results\simulation_phase_diagram\05d\scenario_metrics\STRESS_0046.npz,08695a8c34587a4dff7896f5dd6eb142047de7d68ea29f982ce33358ef9ab8ac,24449
STRESS_0047,STRESS,MAPPING_PRIOR_STRESS,R2,100,results\simulation_phase_diagram\05d\scenario_metrics\STRESS_0047.npz,092320fc47d9e46881beac6d7d68a7dedc69c5ad805093173cc965105f9278d5,24478
STRESS_0048,STRESS,MAPPING_PRIOR_STRESS,R2,100,results\simulation_phase_diagram\05d\scenario_metrics\STRESS_0048.npz,8527ae0b7fe958db4eb7b588b55d515b923424a7e90237c43c6ab443c5cb9fd6,24278
STRESS_0049,STRESS,MAPPING_PRIOR_STRESS,R2,100,results\simulation_phase_diagram\05d\scenario_metrics\STRESS_0049.npz,98360958e8163fca2873b9f053c895ab86a95101b9d75b93d340d6b0fbc643db,24237
STRESS_0050,STRESS,MAPPING_PRIOR_STRESS,R2,100,results\simulation_phase_diagram\05d\scenario_metrics\STRESS_0050.npz,0fd5abb2fc96ee6735d07f0de43dcb15cf5ef0dc8fbab61c871d16ebda10b0d3,24174
STRESS_0051,STRESS,MAPPING_PRIOR_STRESS,R2,100,results\simulation_phase_diagram\05d\scenario_metrics\STRESS_0051.npz,814a2b31d948252d4ab634063dfd82b8799cdd705ca872e83e3c47acab0cf96b,24335
STRESS_0052,STRESS,MAPPING_PRIOR_STRESS,R2,100,results\simulation_phase_diagram\05d\scenario_metrics\STRESS_0052.npz,c9c7a19969e490d06f49550f7918e493b3398430c7fd94176062876d1d85ca6d,24389
STRESS_0053,STRESS,MAPPING_PRIOR_STRESS,R2,100,results\simulation_phase_diagram\05d\scenario_metrics\STRESS_0053.npz,dbd11e0d39430f01b5ea30c47b230c3fbe784d83451667e9282f8f69c70eea98,24440
STRESS_0054,STRESS,SHIFT_CENSOR_STRESS,R5,100,results\simulation_phase_diagram\05d\scenario_metrics\STRESS_0054.npz,95fbbfca1bb411eb61d7e38aa4bcf2caa950815d0847aa1da04505d3562a308d,20696
STRESS_0055,STRESS,SHIFT_CENSOR_STRESS,R5,100,results\simulation_phase_diagram\05d\scenario_metrics\STRESS_0055.npz,08205289066e84bc948e61dba25f45ec48e6c1b36847a131ade1da0c2e1b16f3,21134
STRESS_0056,STRESS,SHIFT_CENSOR_STRESS,R5,100,results\simulation_phase_diagram\05d\scenario_metrics\STRESS_0056.npz,94a9cf100ece8b0cb14ac60c4c180b85d07d2a3054341e0d6ebf69fccecc7791,21447
STRESS_0057,STRESS,SHIFT_CENSOR_STRESS,R5,100,results\simulation_phase_diagram\05d\scenario_metrics\STRESS_0057.npz,f348334224c863c927101eebed45f5b447c6e13eb6208f92e1923f7c1943c288,20786
STRESS_0058,STRESS,SHIFT_CENSOR_STRESS,R5,100,results\simulation_phase_diagram\05d\scenario_metrics\STRESS_0058.npz,717f143a890137596f4d74570736080a99f1edda2bc90823c59c48caf38d7e98,21307
STRESS_0059,STRESS,SHIFT_CENSOR_STRESS,R5,100,results\simulation_phase_diagram\05d\scenario_metrics\STRESS_0059.npz,a6f823277c182df9e10d382f8fc44fc67d8509a6067970fd0dd017d96b20d844,21430
STRESS_0060,STRESS,SHIFT_CENSOR_STRESS,R5,100,results\simulation_phase_diagram\05d\scenario_metrics\STRESS_0060.npz,2dfb6f7633208e7c4e136714fcc3cea32ac17af556d30ffb09ea42450058588b,20799
STRESS_0061,STRESS,SHIFT_CENSOR_STRESS,R5,100,results\simulation_phase_diagram\05d\scenario_metrics\STRESS_0061.npz,82b3f4411ef809be5fe47a9dd025ff218be72f1ba8be5713e0ba31ef5947766b,21251
STRESS_0062,STRESS,SHIFT_CENSOR_STRESS,R5,100,results\simulation_phase_diagram\05d\scenario_metrics\STRESS_0062.npz,3cdbaf0d3926c82ba9aa3f3f2ef3fc85f65bb3ada8c6458827b5aa054bee8394,21304
STRESS_0063,STRESS,MAPPING_PRIOR_STRESS,R5,100,results\simulation_phase_diagram\05d\scenario_metrics\STRESS_0063.npz,9aa0ff1c976d44b132b854f35bfd42af129cf260740a0f854481a217b536f20d,21112
STRESS_0064,STRESS,MAPPING_PRIOR_STRESS,R5,100,results\simulation_phase_diagram\05d\scenario_metrics\STRESS_0064.npz,5aa0c839445940b9f289b00bf5f25fbc7c33b4725f3d4a9b509c0bc34f4a5b37,21336
STRESS_0065,STRESS,MAPPING_PRIOR_STRESS,R5,100,results\simulation_phase_diagram\05d\scenario_metrics\STRESS_0065.npz,5110f716faf7752474d2d37d273ac0edca434217e7f9421cf433317be74908d9,21161
STRESS_0066,STRESS,MAPPING_PRIOR_STRESS,R5,100,results\simulation_phase_diagram\05d\scenario_metrics\STRESS_0066.npz,d8f1efbdddc84a2624ecb50e6a2b5799818aa63af827a1f32913564882656885,21090
STRESS_0067,STRESS,MAPPING_PRIOR_STRESS,R5,100,results\simulation_phase_diagram\05d\scenario_metrics\STRESS_0067.npz,01627689b5103b080516e2f95bdf6e4787a1a7561741f7995fbbb84a1e6be28e,21219
STRESS_0068,STRESS,MAPPING_PRIOR_STRESS,R5,100,results\simulation_phase_diagram\05d\scenario_metrics\STRESS_0068.npz,0752a68aaa0f0d555575961b0e7e999538b69ead8e1dfa595eb64dd3cb53d42f,21325
STRESS_0069,STRESS,MAPPING_PRIOR_STRESS,R5,100,results\simulation_phase_diagram\05d\scenario_metrics\STRESS_0069.npz,8d6e9f3c35d03ac2ed79f1256f69bd3c22c35aff07b94f464219542742e69c05,21161
STRESS_0070,STRESS,MAPPING_PRIOR_STRESS,R5,100,results\simulation_phase_diagram\05d\scenario_metrics\STRESS_0070.npz,b7b0a6f3d3f1f04cd412a586842062d4bd2ee9da32fda1865043e03f52095007,21320
STRESS_0071,STRESS,MAPPING_PRIOR_STRESS,R5,100,results\simulation_phase_diagram\05d\scenario_metrics\STRESS_0071.npz,fb635478125e866ee9a282f76366e82a681a2c37a7a084fc89a7c867ed203848,21554
STRESS_0072,STRESS,SHIFT_CENSOR_STRESS,R2,100,results\simulation_phase_diagram\05d\scenario_metrics\STRESS_0072.npz,b768e96fb99a8e58343e72add73ec89dfd11c5b6d2d3be11e1c032484c3f5647,23788
STRESS_0073,STRESS,SHIFT_CENSOR_STRESS,R2,100,results\simulation_phase_diagram\05d\scenario_metrics\STRESS_0073.npz,ebca2c78b1e86726bc9411c24b403dd8591aa641694f43a817600f7e7b95e28b,24478
STRESS_0074,STRESS,SHIFT_CENSOR_STRESS,R2,100,results\simulation_phase_diagram\05d\scenario_metrics\STRESS_0074.npz,9f10eff2a27eab885717a8077f3c850cb596e8a45570558734cb8ae08ee2983c,25034
STRESS_0075,STRESS,SHIFT_CENSOR_STRESS,R2,100,results\simulation_phase_diagram\05d\scenario_metrics\STRESS_0075.npz,8b1e9413a2c8e857ff5cc2c52ea41256da37d83ba7bedade874b1cde3e718995,23894
STRESS_0076,STRESS,SHIFT_CENSOR_STRESS,R2,100,results\simulation_phase_diagram\05d\scenario_metrics\STRESS_0076.npz,9b009824b9420d239b7b7f6802b4b3a2f395b3440f5710bed44658b5d55614fd,24459
STRESS_0077,STRESS,SHIFT_CENSOR_STRESS,R2,100,results\simulation_phase_diagram\05d\scenario_metrics\STRESS_0077.npz,491470e1553d53afe40acc7f47a56ddfc037814e9e5fc67abd9a15df2823eaa6,24657
STRESS_0078,STRESS,SHIFT_CENSOR_STRESS,R2,100,results\simulation_phase_diagram\05d\scenario_metrics\STRESS_0078.npz,0bc6e52b8a9fa7e3683afe9304cdd2477a8aec7d3adfdb488025e33a22315c0e,23841
STRESS_0079,STRESS,SHIFT_CENSOR_STRESS,R2,100,results\simulation_phase_diagram\05d\scenario_metrics\STRESS_0079.npz,fd8f752c54d36c390f14d762cc60915a149c7a617a1c1fec70ef7b3f3cf1071f,24409
STRESS_0080,STRESS,SHIFT_CENSOR_STRESS,R2,100,results\simulation_phase_diagram\05d\scenario_metrics\STRESS_0080.npz,4561cc3982c8f24a4b316ef641afa6d81d8c774989c73a3f7f7644a7c7347a44,24783
STRESS_0081,STRESS,MAPPING_PRIOR_STRESS,R2,100,results\simulation_phase_diagram\05d\scenario_metrics\STRESS_0081.npz,8abdce12d7e99c5eb17ad27c09dc809aa4e64adc87a9eb9126b907673f0f3653,24250
STRESS_0082,STRESS,MAPPING_PRIOR_STRESS,R2,100,results\simulation_phase_diagram\05d\scenario_metrics\STRESS_0082.npz,a94079933171b21c729bb2841730545f234b6ab402e8a6cfd026682420b587ad,24263
STRESS_0083,STRESS,MAPPING_PRIOR_STRESS,R2,100,results\simulation_phase_diagram\05d\scenario_metrics\STRESS_0083.npz,910f6a762bb37f8fa42b46848f72cd1931e084629c88efe300145af5c2a42f82,24658
STRESS_0084,STRESS,MAPPING_PRIOR_STRESS,R2,100,results\simulation_phase_diagram\05d\scenario_metrics\STRESS_0084.npz,77b9cb933162f0a41a0e76ff431a9e0ecb8ee8dd81d30e452bd6caed7a1ff05a,24234
STRESS_0085,STRESS,MAPPING_PRIOR_STRESS,R2,100,results\simulation_phase_diagram\05d\scenario_metrics\STRESS_0085.npz,0a62ba002ee0879c8aa7c627f9b500d3e8f50e8634e73523e11269c82fffc48b,24002
STRESS_0086,STRESS,MAPPING_PRIOR_STRESS,R2,100,results\simulation_phase_diagram\05d\scenario_metrics\STRESS_0086.npz,6a42c6b9c5569f84801c2f7e7914ab3a535c366f3dc6878182cbd9d6c04adbd9,24493
STRESS_0087,STRESS,MAPPING_PRIOR_STRESS,R2,100,results\simulation_phase_diagram\05d\scenario_metrics\STRESS_0087.npz,c62200b3d037fdafa432e1323f5e1494bbb78c235d18b872ac9946dac63553c6,24145
STRESS_0088,STRESS,MAPPING_PRIOR_STRESS,R2,100,results\simulation_phase_diagram\05d\scenario_metrics\STRESS_0088.npz,b3661c5951e2ce637aa51c4dbd75749664ef6699c311ca04a6ae63fc0db12b5b,24558
STRESS_0089,STRESS,MAPPING_PRIOR_STRESS,R2,100,results\simulation_phase_diagram\05d\scenario_metrics\STRESS_0089.npz,165966f379fe86235f5456301bc4325e70d930696dc373fcdd85704a98427d53,24708
STRESS_0090,STRESS,SHIFT_CENSOR_STRESS,R5,100,results\simulation_phase_diagram\05d\scenario_metrics\STRESS_0090.npz,c04e5a784700fd4b9f1c3ee7cbbbc12633752d84ee52bd31ca76a96bb1ebafdd,20586
STRESS_0091,STRESS,SHIFT_CENSOR_STRESS,R5,100,results\simulation_phase_diagram\05d\scenario_metrics\STRESS_0091.npz,d8f347869109491ee34434dd950e9ae9ceae18d91e15dbcfa4cd9a281040e181,21302
STRESS_0092,STRESS,SHIFT_CENSOR_STRESS,R5,100,results\simulation_phase_diagram\05d\scenario_metrics\STRESS_0092.npz,62b3538fdb6c5f06e065c9a9dcd0c957a6edb4cd53f3e30c5aab47b4eee9e443,21503
STRESS_0093,STRESS,SHIFT_CENSOR_STRESS,R5,100,results\simulation_phase_diagram\05d\scenario_metrics\STRESS_0093.npz,d9d278aa7c89cbdcd05758c6dfbd5de773ee29e480f706b8ebe5f53fc7f370fd,20701
STRESS_0094,STRESS,SHIFT_CENSOR_STRESS,R5,100,results\simulation_phase_diagram\05d\scenario_metrics\STRESS_0094.npz,e868f1e57d329756f76c210e7fcff1e9c461b2481ae8d0d9e8dc94c40b97fe08,21319
STRESS_0095,STRESS,SHIFT_CENSOR_STRESS,R5,100,results\simulation_phase_diagram\05d\scenario_metrics\STRESS_0095.npz,5ef83f8fa7f6c1191c00757638eb5ce251ec7da07fac08423bb0562d53636a78,21396
STRESS_0096,STRESS,SHIFT_CENSOR_STRESS,R5,100,results\simulation_phase_diagram\05d\scenario_metrics\STRESS_0096.npz,9cd479371291f6dc3a6ef07c44b2fe4da121ec496794f6129cc6afa510de24be,20620
STRESS_0097,STRESS,SHIFT_CENSOR_STRESS,R5,100,results\simulation_phase_diagram\05d\scenario_metrics\STRESS_0097.npz,64b1716bacc5a761360bbb13aaa369580bdca1b942e0b69845c05a85570a55b1,21112
STRESS_0098,STRESS,SHIFT_CENSOR_STRESS,R5,100,results\simulation_phase_diagram\05d\scenario_metrics\STRESS_0098.npz,05879c2f41eaaa2017f70f07eab8c7c4700f80c40481c47a325931e1eab060fd,21662
STRESS_0099,STRESS,MAPPING_PRIOR_STRESS,R5,100,results\simulation_phase_diagram\05d\scenario_metrics\STRESS_0099.npz,da379635b00e92df7959957ac43121242d78b307247047b9fe650a338b116074,21125
STRESS_0100,STRESS,MAPPING_PRIOR_STRESS,R5,100,results\simulation_phase_diagram\05d\scenario_metrics\STRESS_0100.npz,67b8356459517980831d58e996d2b97c5492d042ef1c9060fe1bdfa8d7ad81f3,21407
STRESS_0101,STRESS,MAPPING_PRIOR_STRESS,R5,100,results\simulation_phase_diagram\05d\scenario_metrics\STRESS_0101.npz,2dee28514986c7ffb6aba87f708c6e83cb99a8d730771477275da7e7c7c5ccae,21382
STRESS_0102,STRESS,MAPPING_PRIOR_STRESS,R5,100,results\simulation_phase_diagram\05d\scenario_metrics\STRESS_0102.npz,b1d798bf1d7f74b2df70f73b03f985bdf371f4ccd099b435fe4e782dc4819d11,21397
STRESS_0103,STRESS,MAPPING_PRIOR_STRESS,R5,100,results\simulation_phase_diagram\05d\scenario_metrics\STRESS_0103.npz,492d76128bb5eb21fd80dc578cbbbe2ff99517c2a229c895cd42f6c1611d1b9c,21427
STRESS_0104,STRESS,MAPPING_PRIOR_STRESS,R5,100,results\simulation_phase_diagram\05d\scenario_metrics\STRESS_0104.npz,cfea758592529f59ccc14965be0b01cfa382d918978396298f51cbb144a5b23e,21508
STRESS_0105,STRESS,MAPPING_PRIOR_STRESS,R5,100,results\simulation_phase_diagram\05d\scenario_metrics\STRESS_0105.npz,82980fbad9e1cfeea7b804be0c53bcc151c056a510e6a8c99e6985f5bcc28755,21083
STRESS_0106,STRESS,MAPPING_PRIOR_STRESS,R5,100,results\simulation_phase_diagram\05d\scenario_metrics\STRESS_0106.npz,863fd10f4f401edb8cdfaac65a52a751086adb4e7d3976fa24c5c3920c31c523,21286
STRESS_0107,STRESS,MAPPING_PRIOR_STRESS,R5,100,results\simulation_phase_diagram\05d\scenario_metrics\STRESS_0107.npz,28cfd13120b0aa840c1e0149d161700c62ba13038d45deea80f2117f51677f00,21371
STRESS_0108,STRESS,SHIFT_CENSOR_STRESS,R2,100,results\simulation_phase_diagram\05d\scenario_metrics\STRESS_0108.npz,3d0b5d074bfefab3c14ae2e49e0fd2c4e0e908a165558178141025386ed5324f,23864
STRESS_0109,STRESS,SHIFT_CENSOR_STRESS,R2,100,results\simulation_phase_diagram\05d\scenario_metrics\STRESS_0109.npz,3bd2d199d1385cbcd19469051276fa6eb1388647f0291ceffcfa197cb91d2b0b,24585
STRESS_0110,STRESS,SHIFT_CENSOR_STRESS,R2,100,results\simulation_phase_diagram\05d\scenario_metrics\STRESS_0110.npz,0e80b2e39ccbfc2fd23ede10e9fd9fccb2e7d53023147347bee177e3cf78ee72,24898
STRESS_0111,STRESS,SHIFT_CENSOR_STRESS,R2,100,results\simulation_phase_diagram\05d\scenario_metrics\STRESS_0111.npz,0b6f907935fdd3b787c0a096f6af4891b8f0cf5fd0df9af3b603913c02c6112a,23918
STRESS_0112,STRESS,SHIFT_CENSOR_STRESS,R2,100,results\simulation_phase_diagram\05d\scenario_metrics\STRESS_0112.npz,1fd6fc116ec0caf5071ef48f1863372597948ceb050cfc36afb8f0c316cf0c66,24515
STRESS_0113,STRESS,SHIFT_CENSOR_STRESS,R2,100,results\simulation_phase_diagram\05d\scenario_metrics\STRESS_0113.npz,dc266ab4b03eb4d7da23ef7bc2565b246d3421030c6cd0117907ca249243e749,24763
STRESS_0114,STRESS,SHIFT_CENSOR_STRESS,R2,100,results\simulation_phase_diagram\05d\scenario_metrics\STRESS_0114.npz,15c1124185cc645df0667bc84ceda6fc3b0015ad4dfc113d5ec48a27ae14c463,23972
STRESS_0115,STRESS,SHIFT_CENSOR_STRESS,R2,100,results\simulation_phase_diagram\05d\scenario_metrics\STRESS_0115.npz,bb0662d77babeb2841d04ec6b5c45327d58e2e0f456433aa9eb5ad388e5b1a0b,24681
STRESS_0116,STRESS,SHIFT_CENSOR_STRESS,R2,100,results\simulation_phase_diagram\05d\scenario_metrics\STRESS_0116.npz,26b6a5b9a9f3bae3b8dd41444520550c36daca5924a04d5c4d86d883c58de96d,24967
STRESS_0117,STRESS,MAPPING_PRIOR_STRESS,R2,100,results\simulation_phase_diagram\05d\scenario_metrics\STRESS_0117.npz,f129daffbe5edcced8807407a88533a48c9e946f70fabdd0da38a9bf10097160,24289
STRESS_0118,STRESS,MAPPING_PRIOR_STRESS,R2,100,results\simulation_phase_diagram\05d\scenario_metrics\STRESS_0118.npz,9c7b72689ee2f71af33fea796e6c78b3ada1d3b3adda8383ede30806aeaf9831,24670
STRESS_0119,STRESS,MAPPING_PRIOR_STRESS,R2,100,results\simulation_phase_diagram\05d\scenario_metrics\STRESS_0119.npz,de69ac33b3552916d30960ba4b57f89c5d0373667338da3fcced52cdad18a3fb,24497
STRESS_0120,STRESS,MAPPING_PRIOR_STRESS,R2,100,results\simulation_phase_diagram\05d\scenario_metrics\STRESS_0120.npz,3eb58eb45468145c4cc266efb4aba58f69e208856d5251b4aafa3a847f13dfd8,24501
STRESS_0121,STRESS,MAPPING_PRIOR_STRESS,R2,100,results\simulation_phase_diagram\05d\scenario_metrics\STRESS_0121.npz,babf0e9a907c816314cb67e4ee4f63108c2e2ff9dfbae93974ffe6b481a48101,24392
STRESS_0122,STRESS,MAPPING_PRIOR_STRESS,R2,100,results\simulation_phase_diagram\05d\scenario_metrics\STRESS_0122.npz,05e82a99c3733a7136d846e1d53ed12a223fa524b9d515971ae8640372985e52,24480
STRESS_0123,STRESS,MAPPING_PRIOR_STRESS,R2,100,results\simulation_phase_diagram\05d\scenario_metrics\STRESS_0123.npz,3e7bc995e91820d712e0e5e4440ee4c2048f090c5d763da10c856c75c2dba2e3,24491
STRESS_0124,STRESS,MAPPING_PRIOR_STRESS,R2,100,results\simulation_phase_diagram\05d\scenario_metrics\STRESS_0124.npz,42d86f14adb6213f34dfec09a2a5e64abab2a9cc52bb06f97106d1f715fded00,24406
STRESS_0125,STRESS,MAPPING_PRIOR_STRESS,R2,100,results\simulation_phase_diagram\05d\scenario_metrics\STRESS_0125.npz,55f176a46b9c3b7b0b1582b7558602c34becca6d1c72e6a478902ea1b3a1e319,24530
STRESS_0126,STRESS,SHIFT_CENSOR_STRESS,R5,100,results\simulation_phase_diagram\05d\scenario_metrics\STRESS_0126.npz,238d168b4994537652dafa943e3c65b83ace482ea0233662815d978e3303eddd,20930
STRESS_0127,STRESS,SHIFT_CENSOR_STRESS,R5,100,results\simulation_phase_diagram\05d\scenario_metrics\STRESS_0127.npz,3553c890379dadc0a23103d63f1ad83442bb37327f1ebcbb53f661243df1cf42,21156
STRESS_0128,STRESS,SHIFT_CENSOR_STRESS,R5,100,results\simulation_phase_diagram\05d\scenario_metrics\STRESS_0128.npz,96ab308878deed6400a669eebfe4b582a9d806e96ba7724f48c4b0894241ade6,21536
STRESS_0129,STRESS,SHIFT_CENSOR_STRESS,R5,100,results\simulation_phase_diagram\05d\scenario_metrics\STRESS_0129.npz,8e6210ec97186e01ac4eaca6a79a73e36f29f5d54016a019fa7e741ebf5aeeb9,20916
STRESS_0130,STRESS,SHIFT_CENSOR_STRESS,R5,100,results\simulation_phase_diagram\05d\scenario_metrics\STRESS_0130.npz,3f985e7131d4ba4c956e5b1736f50ee3ff9d792e17da23ef0be2edac9635274d,21296
STRESS_0131,STRESS,SHIFT_CENSOR_STRESS,R5,100,results\simulation_phase_diagram\05d\scenario_metrics\STRESS_0131.npz,e7f4e425da5b3d3dcacec680aac6904963e9b2035eadf528ddb4067af637b2ff,21432
STRESS_0132,STRESS,SHIFT_CENSOR_STRESS,R5,100,results\simulation_phase_diagram\05d\scenario_metrics\STRESS_0132.npz,15d2d52f78fa6b9cb5b0b09fbd3c5b31a63c30cdad2d320ec7ba7ee27660cc1f,20719
STRESS_0133,STRESS,SHIFT_CENSOR_STRESS,R5,100,results\simulation_phase_diagram\05d\scenario_metrics\STRESS_0133.npz,50f0c61b594a8f64580455828cf20b021f4bed0b8073aad373c65764160faa58,21243
STRESS_0134,STRESS,SHIFT_CENSOR_STRESS,R5,100,results\simulation_phase_diagram\05d\scenario_metrics\STRESS_0134.npz,555666a811d95231d84ac0198133908be30cfae27978253593f95a25af9256af,21551
STRESS_0135,STRESS,MAPPING_PRIOR_STRESS,R5,100,results\simulation_phase_diagram\05d\scenario_metrics\STRESS_0135.npz,a051246af2bb14090b2fe472d2060a2b4b7e5a6a122150fd90ed7869ad9427c0,21055
STRESS_0136,STRESS,MAPPING_PRIOR_STRESS,R5,100,results\simulation_phase_diagram\05d\scenario_metrics\STRESS_0136.npz,4d0f05a479f99e37c2b913bb0232dfd18d40a73e1b967b3c3f4d3e5945abf3c4,21555
STRESS_0137,STRESS,MAPPING_PRIOR_STRESS,R5,100,results\simulation_phase_diagram\05d\scenario_metrics\STRESS_0137.npz,d9e732ad14c0bbaa7dae71e54f0c8c2d70b5c8b51e27e025283ca91ba7d1e3ed,21496
STRESS_0138,STRESS,MAPPING_PRIOR_STRESS,R5,100,results\simulation_phase_diagram\05d\scenario_metrics\STRESS_0138.npz,a9933ff9a3a86cf0575e93ee32a8ddd3f9ab8d0fa296ce8c88bfdf43860683a3,21227
STRESS_0139,STRESS,MAPPING_PRIOR_STRESS,R5,100,results\simulation_phase_diagram\05d\scenario_metrics\STRESS_0139.npz,dd138fe6f478d579db9f41dd56734f450ca0dbd787152a740fb811aed2116194,21306
STRESS_0140,STRESS,MAPPING_PRIOR_STRESS,R5,100,results\simulation_phase_diagram\05d\scenario_metrics\STRESS_0140.npz,67073f806b32bb74c46aaa5b87ed71f4b06aa971d7aa6903b70163d0c07076e6,21262
STRESS_0141,STRESS,MAPPING_PRIOR_STRESS,R5,100,results\simulation_phase_diagram\05d\scenario_metrics\STRESS_0141.npz,6b8a505d6bd1e0f7fe1e4b812e0ee05b89978de1768074ec9aa2f6d709132b72,21244
STRESS_0142,STRESS,MAPPING_PRIOR_STRESS,R5,100,results\simulation_phase_diagram\05d\scenario_metrics\STRESS_0142.npz,55b7d55aaa21dd8b034f313141e39edc6ca8577e62914249f565d1b916b33d99,21364
STRESS_0143,STRESS,MAPPING_PRIOR_STRESS,R5,100,results\simulation_phase_diagram\05d\scenario_metrics\STRESS_0143.npz,53c447416f93d9f95e1dd3ecbf3e8587c331c59097262e9127991f398f9091ed,21367
STRESS_0144,STRESS,SHIFT_CENSOR_STRESS,R2,100,results\simulation_phase_diagram\05d\scenario_metrics\STRESS_0144.npz,a8a54f31dfd896d6b22c1c3c685c916e4223cc9201e35112b0571d2b0c4b06a4,24143
STRESS_0145,STRESS,SHIFT_CENSOR_STRESS,R2,100,results\simulation_phase_diagram\05d\scenario_metrics\STRESS_0145.npz,d3ff45f8b00f083ef42c8a0a2433f85367824b3ab42e179bd66426d13140871d,24434
STRESS_0146,STRESS,SHIFT_CENSOR_STRESS,R2,100,results\simulation_phase_diagram\05d\scenario_metrics\STRESS_0146.npz,88581a2d1f13ae2d7a738d0993b6c523f7539001f20b318a947ae4cdb657ebc3,24947
STRESS_0147,STRESS,SHIFT_CENSOR_STRESS,R2,100,results\simulation_phase_diagram\05d\scenario_metrics\STRESS_0147.npz,7cfe2b245bdc0b48296365365a50be9015cc58fd81463a32ec8cca5d5f004e4e,23989
STRESS_0148,STRESS,SHIFT_CENSOR_STRESS,R2,100,results\simulation_phase_diagram\05d\scenario_metrics\STRESS_0148.npz,11141f0de8ca3c7b282d9a901321a75058134f9754432b05e6daab36a87dbf8b,24295
STRESS_0149,STRESS,SHIFT_CENSOR_STRESS,R2,100,results\simulation_phase_diagram\05d\scenario_metrics\STRESS_0149.npz,33cd92eeb6df0765bb28b13c18799d65dcab010ecae3ae9df3328ab66892fbab,25012
STRESS_0150,STRESS,SHIFT_CENSOR_STRESS,R2,100,results\simulation_phase_diagram\05d\scenario_metrics\STRESS_0150.npz,e5cdd4abbda992694bc60bbfddb6ede13ee52f026534482500c107e7fe979f0b,24065
STRESS_0151,STRESS,SHIFT_CENSOR_STRESS,R2,100,results\simulation_phase_diagram\05d\scenario_metrics\STRESS_0151.npz,08234e4df83476ca38f6bf1b6ac36ef96ef3312a35c4782bfb5dfda126000ef2,24620
STRESS_0152,STRESS,SHIFT_CENSOR_STRESS,R2,100,results\simulation_phase_diagram\05d\scenario_metrics\STRESS_0152.npz,4988038d1487460639190fde64b573b6584feae055233dda1d38412855ddf1ab,24708
STRESS_0153,STRESS,MAPPING_PRIOR_STRESS,R2,100,results\simulation_phase_diagram\05d\scenario_metrics\STRESS_0153.npz,00b08ce055e007fa9b890464f40d40bca94def7271629dce0d88296352aa8692,24552
STRESS_0154,STRESS,MAPPING_PRIOR_STRESS,R2,100,results\simulation_phase_diagram\05d\scenario_metrics\STRESS_0154.npz,5ff562eaa67f85d90ca4280ed4b82d6ce82a7f34fb0638dd85c96cb42d68371d,24544
STRESS_0155,STRESS,MAPPING_PRIOR_STRESS,R2,100,results\simulation_phase_diagram\05d\scenario_metrics\STRESS_0155.npz,94154451f22c6d10b77220722c6e8cde41519783e73726bc0b7fb4f6ecbfdf5d,24437
STRESS_0156,STRESS,MAPPING_PRIOR_STRESS,R2,100,results\simulation_phase_diagram\05d\scenario_metrics\STRESS_0156.npz,5981bfef19e22e494a89b7648d42cf7cb7dc449c892b53bd4e4224afd09af5a4,24530
STRESS_0157,STRESS,MAPPING_PRIOR_STRESS,R2,100,results\simulation_phase_diagram\05d\scenario_metrics\STRESS_0157.npz,ded7c188cc421fe6d443eead1761b8312dea3e3365e0580398aab0033c9f58fb,24551
STRESS_0158,STRESS,MAPPING_PRIOR_STRESS,R2,100,results\simulation_phase_diagram\05d\scenario_metrics\STRESS_0158.npz,f6f11fb7cc8538907de227dc0f0b2580f06c782bc643b0af0677624dfb604d7e,24698
STRESS_0159,STRESS,MAPPING_PRIOR_STRESS,R2,100,results\simulation_phase_diagram\05d\scenario_metrics\STRESS_0159.npz,8c8bcb5968f5a3c324565c433e49e27e4c24ae5d768aeee638388365fcb8040a,24495
STRESS_0160,STRESS,MAPPING_PRIOR_STRESS,R2,100,results\simulation_phase_diagram\05d\scenario_metrics\STRESS_0160.npz,dc4b42a916b8f94c01024df9b0e4069e611e9562c9d3591123d003c5e391a367,24734
STRESS_0161,STRESS,MAPPING_PRIOR_STRESS,R2,100,results\simulation_phase_diagram\05d\scenario_metrics\STRESS_0161.npz,471e626ea1ce6d53407777521ba9bebbfcaea744066e69a46b7810c95cda6444,24274
STRESS_0162,STRESS,SHIFT_CENSOR_STRESS,R5,100,results\simulation_phase_diagram\05d\scenario_metrics\STRESS_0162.npz,fa02aeca8684d5eaa28f46eff6f779040d7ad91b0e275acba9de0808a5887f9b,20713
STRESS_0163,STRESS,SHIFT_CENSOR_STRESS,R5,100,results\simulation_phase_diagram\05d\scenario_metrics\STRESS_0163.npz,29dc4f22217bf846f431b8e3b5274c1c526df288d58eb4affcbbf1533577899b,21098
STRESS_0164,STRESS,SHIFT_CENSOR_STRESS,R5,100,results\simulation_phase_diagram\05d\scenario_metrics\STRESS_0164.npz,5b579b2b270236d75c305c87d559cd7cd2dbed3bbdbada91706aa1d1ac0c6bf2,21452
STRESS_0165,STRESS,SHIFT_CENSOR_STRESS,R5,100,results\simulation_phase_diagram\05d\scenario_metrics\STRESS_0165.npz,353e2258776face3cd05ba0e9072f9b17a9799f377b24cb09773e4f432009661,20682
STRESS_0166,STRESS,SHIFT_CENSOR_STRESS,R5,100,results\simulation_phase_diagram\05d\scenario_metrics\STRESS_0166.npz,b7f41c5578dcc35612443afac363770ad9368d0fdd04e5a1f3b71a2e283e6837,20983
STRESS_0167,STRESS,SHIFT_CENSOR_STRESS,R5,100,results\simulation_phase_diagram\05d\scenario_metrics\STRESS_0167.npz,1c4fe531147616e23467db4037ee1e7dca5e6dd388c6f6ee1fa7efaa82c3ccbb,21434
STRESS_0168,STRESS,SHIFT_CENSOR_STRESS,R5,100,results\simulation_phase_diagram\05d\scenario_metrics\STRESS_0168.npz,f0f88714c0cbca6d367b228c2229fadb59a5509ca17885f8a9c5f0be3eaf2e8b,20992
STRESS_0169,STRESS,SHIFT_CENSOR_STRESS,R5,100,results\simulation_phase_diagram\05d\scenario_metrics\STRESS_0169.npz,b76e61282b3db8c45b505af5b35bdb2a797b205b62477d6a702be9e1238f6c46,21406
STRESS_0170,STRESS,SHIFT_CENSOR_STRESS,R5,100,results\simulation_phase_diagram\05d\scenario_metrics\STRESS_0170.npz,e1efc937c408c7024f4f9c0eb82f5a003e3b40f43a4610a3a933d332c7c09713,21511
STRESS_0171,STRESS,MAPPING_PRIOR_STRESS,R5,100,results\simulation_phase_diagram\05d\scenario_metrics\STRESS_0171.npz,c11fed21c1deb21ef4efd7ce14114d2693143e99f49289c65f233abd4e0e3654,21234
STRESS_0172,STRESS,MAPPING_PRIOR_STRESS,R5,100,results\simulation_phase_diagram\05d\scenario_metrics\STRESS_0172.npz,db53e22062ee3a312eb5e13c8efb4c809aedb092fb7bc738aee2ed949ff292d2,21350
STRESS_0173,STRESS,MAPPING_PRIOR_STRESS,R5,100,results\simulation_phase_diagram\05d\scenario_metrics\STRESS_0173.npz,ddb10f15fb16482caddd43feddb05574be1f55b503670189363099cff468832c,21445
STRESS_0174,STRESS,MAPPING_PRIOR_STRESS,R5,100,results\simulation_phase_diagram\05d\scenario_metrics\STRESS_0174.npz,76f442f61e63582c7573650bb1be2d6d2308488c2d2b7e87e255d94b091bdeaf,21187
STRESS_0175,STRESS,MAPPING_PRIOR_STRESS,R5,100,results\simulation_phase_diagram\05d\scenario_metrics\STRESS_0175.npz,ca40a50c2db634a446ead031618f92d5c5163dc397d30b5f07cb1253bec92ca0,21342
STRESS_0176,STRESS,MAPPING_PRIOR_STRESS,R5,100,results\simulation_phase_diagram\05d\scenario_metrics\STRESS_0176.npz,aaa11c66d641155aedef466550d4a46ce32b9f78664ba1ccdbc13a2989593532,21492
STRESS_0177,STRESS,MAPPING_PRIOR_STRESS,R5,100,results\simulation_phase_diagram\05d\scenario_metrics\STRESS_0177.npz,0e260a6935f872b5073f695e4c4cb887b69ff60c1eafb868b5cf33d1414e4c93,21287
STRESS_0178,STRESS,MAPPING_PRIOR_STRESS,R5,100,results\simulation_phase_diagram\05d\scenario_metrics\STRESS_0178.npz,6f0d544dc6a444cd03d3eecbae6e472f2077edb4bc9c70f00b6602271b049dd2,21408
STRESS_0179,STRESS,MAPPING_PRIOR_STRESS,R5,100,results\simulation_phase_diagram\05d\scenario_metrics\STRESS_0179.npz,cb6808ac464505e90bfd2557100c4f9c0fcf2b7c2d9259be397fd82d7fcf4ff7,21512
