check_family,model,quantity,observed,expected,absolute_difference,tolerance,pass
canonical_05d_vs_frozen_model_aggregate,B0,equal_scenario_mean_uno_c,0.555554410057,0.555554410057,0,5e-10,True
canonical_05d_vs_frozen_model_aggregate,B0,mean_delta_uno_c_vs_B0_if_defined,0,0,0,5e-10,True
canonical_05d_vs_frozen_model_aggregate,B0,negative_transfer_rate_at_deltaC_le_-0.02,0,0,0,5e-10,True
canonical_05d_vs_frozen_model_aggregate,B0,catastrophic_transfer_rate_at_deltaC_le_-0.05,0,0,0,5e-10,True
canonical_05d_vs_frozen_model_aggregate,B4,equal_scenario_mean_uno_c,0.544988705244,0.544988705244,0,5e-10,True
canonical_05d_vs_frozen_model_aggregate,B4,mean_delta_uno_c_vs_B0_if_defined,-0.010565704684,-0.010565704684,3.81639164715e-17,5e-10,True
canonical_05d_vs_frozen_model_aggregate,B4,negative_transfer_rate_at_deltaC_le_-0.02,0.305527777778,0.305527777778,0,5e-10,True
canonical_05d_vs_frozen_model_aggregate,B4,catastrophic_transfer_rate_at_deltaC_le_-0.05,0.0994444444444,0.0994444444444,2.77555756156e-17,5e-10,True
canonical_05d_vs_frozen_model_aggregate,A0,equal_scenario_mean_uno_c,0.555351203537,0.555351203537,0,5e-10,True
canonical_05d_vs_frozen_model_aggregate,A0,mean_delta_uno_c_vs_B0_if_defined,-0.000203206399455,-0.000203206399455,4.33680868994e-19,5e-10,True
canonical_05d_vs_frozen_model_aggregate,A0,negative_transfer_rate_at_deltaC_le_-0.02,0.009,0.009,1.73472347598e-18,5e-10,True
canonical_05d_vs_frozen_model_aggregate,A0,catastrophic_transfer_rate_at_deltaC_le_-0.05,0,0,0,5e-10,True
canonical_05d_vs_frozen_model_aggregate,A1,equal_scenario_mean_uno_c,0.572198322869,0.572198322869,0,5e-10,True
canonical_05d_vs_frozen_model_aggregate,A1,mean_delta_uno_c_vs_B0_if_defined,0.0166439127562,0.0166439127562,1.73472347598e-17,5e-10,True
canonical_05d_vs_frozen_model_aggregate,A1,negative_transfer_rate_at_deltaC_le_-0.02,0.286777777778,0.286777777778,5.55111512313e-17,5e-10,True
canonical_05d_vs_frozen_model_aggregate,A1,catastrophic_transfer_rate_at_deltaC_le_-0.05,0.160555555556,0.160555555556,2.77555756156e-17,5e-10,True
canonical_05d_vs_frozen_model_aggregate,A2,equal_scenario_mean_uno_c,0.56980868891,0.56980868891,0,5e-10,True
canonical_05d_vs_frozen_model_aggregate,A2,mean_delta_uno_c_vs_B0_if_defined,0.0142542787303,0.0142542787303,1.38777878078e-17,5e-10,True
canonical_05d_vs_frozen_model_aggregate,A2,negative_transfer_rate_at_deltaC_le_-0.02,0.215416666667,0.215416666667,5.55111512313e-17,5e-10,True
canonical_05d_vs_frozen_model_aggregate,A2,catastrophic_transfer_rate_at_deltaC_le_-0.05,0.0719722222222,0.0719722222222,1.38777878078e-17,5e-10,True
canonical_05d_vs_frozen_model_aggregate,A3,equal_scenario_mean_uno_c,0.530066931032,0.530066931032,0,5e-10,True
canonical_05d_vs_frozen_model_aggregate,A3,mean_delta_uno_c_vs_B0_if_defined,-0.0254874787484,-0.0254874787484,8.32667268469e-17,5e-10,True
canonical_05d_vs_frozen_model_aggregate,A3,negative_transfer_rate_at_deltaC_le_-0.02,0.486333333333,0.486333333333,0,5e-10,True
canonical_05d_vs_frozen_model_aggregate,A3,catastrophic_transfer_rate_at_deltaC_le_-0.05,0.326888888889,0.326888888889,0,5e-10,True
canonical_05d_vs_frozen_model_aggregate,A4,equal_scenario_mean_uno_c,0.519107277179,0.519107277179,0,5e-10,True
canonical_05d_vs_frozen_model_aggregate,A4,mean_delta_uno_c_vs_B0_if_defined,-0.036447132878,-0.036447132878,7.6327832943e-17,5e-10,True
canonical_05d_vs_frozen_model_aggregate,A4,negative_transfer_rate_at_deltaC_le_-0.02,0.511722222222,0.511722222222,0,5e-10,True
canonical_05d_vs_frozen_model_aggregate,A4,catastrophic_transfer_rate_at_deltaC_le_-0.05,0.407833333333,0.407833333333,0,5e-10,True
accepted_independent_posthold_replay_anchor,B0,equal_scenario_mean_uno_c,0.555554410057,0.555554,4.10056935407e-07,7.5e-06,True
accepted_independent_posthold_replay_anchor,B0,negative_transfer_rate_at_deltaC_le_-0.02,0,0,0,7.5e-06,True
accepted_independent_posthold_replay_anchor,B0,R5_catastrophic_transfer_rate_at_deltaC_le_-0.05,0,0,0,7.5e-06,True
accepted_independent_posthold_replay_anchor,B4,equal_scenario_mean_uno_c,0.544988705244,0.544989,2.94756498542e-07,7.5e-06,True
accepted_independent_posthold_replay_anchor,B4,negative_transfer_rate_at_deltaC_le_-0.02,0.305527777778,0.305528,2.22222222235e-07,7.5e-06,True
accepted_independent_posthold_replay_anchor,B4,R5_catastrophic_transfer_rate_at_deltaC_le_-0.05,0.219935897436,0.219936,1.02564102544e-07,7.5e-06,True
accepted_independent_posthold_replay_anchor,A0,equal_scenario_mean_uno_c,0.555351203537,0.555351,2.03536821619e-07,7.5e-06,True
accepted_independent_posthold_replay_anchor,A0,negative_transfer_rate_at_deltaC_le_-0.02,0.009,0.009,1.73472347598e-18,7.5e-06,True
accepted_independent_posthold_replay_anchor,A0,R5_catastrophic_transfer_rate_at_deltaC_le_-0.05,0,0,0,7.5e-06,True
accepted_independent_posthold_replay_anchor,A1,equal_scenario_mean_uno_c,0.572198322869,0.572198,3.22869009528e-07,7.5e-06,True
accepted_independent_posthold_replay_anchor,A1,negative_transfer_rate_at_deltaC_le_-0.02,0.286777777778,0.286778,2.22222222235e-07,7.5e-06,True
accepted_independent_posthold_replay_anchor,A1,R5_catastrophic_transfer_rate_at_deltaC_le_-0.05,0.0205128205128,0.020513,1.79487179484e-07,7.5e-06,True
accepted_independent_posthold_replay_anchor,A2,equal_scenario_mean_uno_c,0.56980868891,0.569809,3.11089528915e-07,7.5e-06,True
accepted_independent_posthold_replay_anchor,A2,negative_transfer_rate_at_deltaC_le_-0.02,0.215416666667,0.215417,3.33333333352e-07,7.5e-06,True
accepted_independent_posthold_replay_anchor,A2,R5_catastrophic_transfer_rate_at_deltaC_le_-0.05,0.0595512820513,0.059551,2.82051282031e-07,7.5e-06,True
accepted_independent_posthold_replay_anchor,A3,equal_scenario_mean_uno_c,0.530066931032,0.530067,6.89683556931e-08,7.5e-06,True
accepted_independent_posthold_replay_anchor,A3,negative_transfer_rate_at_deltaC_le_-0.02,0.486333333333,0.486333,3.3333333338e-07,7.5e-06,True
accepted_independent_posthold_replay_anchor,A3,R5_catastrophic_transfer_rate_at_deltaC_le_-0.05,0.712179487179,0.712179,4.87179487085e-07,7.5e-06,True
accepted_independent_posthold_replay_anchor,A4,equal_scenario_mean_uno_c,0.519107277179,0.519107,2.7717893003e-07,7.5e-06,True
accepted_independent_posthold_replay_anchor,A4,negative_transfer_rate_at_deltaC_le_-0.02,0.511722222222,0.511722,2.22222222179e-07,7.5e-06,True
accepted_independent_posthold_replay_anchor,A4,R5_catastrophic_transfer_rate_at_deltaC_le_-0.05,0.879743589744,0.879744,4.10256410399e-07,7.5e-06,True
