regime,model,frozen_role,eligible_for_primary_selection,n_frozen_scenarios,mean_uno_c,mean_delta_uno_c_vs_B0,negative_transfer_rate_at_deltaC_le_-0.02,catastrophic_transfer_rate_at_deltaC_le_-0.05,aggregation,analysis_role
R0,B0,frozen target-only reference,False,6,0.5725416051,0,0,0,existing within-scenario metrics; equal weight across frozen scenarios within regime,POST-HOLD DESCRIPTIVE CONTEXT
R0,B4,frozen non-selectable comparator,False,6,0.606759194,0.03421758928,0,0,existing within-scenario metrics; equal weight across frozen scenarios within regime,POST-HOLD DESCRIPTIVE CONTEXT
R0,A0,frozen non-selectable comparator,False,6,0.5734219389,0.0008803338588,0.001666666667,0,existing within-scenario metrics; equal weight across frozen scenarios within regime,POST-HOLD DESCRIPTIVE CONTEXT
R0,A1,frozen non-selectable comparator,False,6,0.60219525,0.02965364501,0.1808333333,0.16,existing within-scenario metrics; equal weight across frozen scenarios within regime,POST-HOLD DESCRIPTIVE CONTEXT
R0,A2,frozen selectable architecture,True,6,0.6144554957,0.04191388987,0.1008333333,0.04916666667,existing within-scenario metrics; equal weight across frozen scenarios within regime,POST-HOLD DESCRIPTIVE CONTEXT
R0,A3,frozen selectable architecture,True,6,0.6247653367,0.05222373177,0.02666666667,0.0025,existing within-scenario metrics; equal weight across frozen scenarios within regime,POST-HOLD DESCRIPTIVE CONTEXT
R0,A4,frozen non-selectable comparator,False,6,0.6283148621,0.05577325767,0.0025,0,existing within-scenario metrics; equal weight across frozen scenarios within regime,POST-HOLD DESCRIPTIVE CONTEXT
R1,B0,frozen target-only reference,False,6,0.5457206642,0,0,0,existing within-scenario metrics; equal weight across frozen scenarios within regime,POST-HOLD DESCRIPTIVE CONTEXT
R1,B4,frozen non-selectable comparator,False,6,0.5701872656,0.02446659921,0,0,existing within-scenario metrics; equal weight across frozen scenarios within regime,POST-HOLD DESCRIPTIVE CONTEXT
R1,A0,frozen non-selectable comparator,False,6,0.5465498395,0.0008291733482,0.0008333333333,0,existing within-scenario metrics; equal weight across frozen scenarios within regime,POST-HOLD DESCRIPTIVE CONTEXT
R1,A1,frozen non-selectable comparator,False,6,0.5467487984,0.001028133242,0.32,0.2641666667,existing within-scenario metrics; equal weight across frozen scenarios within regime,POST-HOLD DESCRIPTIVE CONTEXT
R1,A2,frozen selectable architecture,True,6,0.5715552809,0.02583461545,0.145,0.06416666667,existing within-scenario metrics; equal weight across frozen scenarios within regime,POST-HOLD DESCRIPTIVE CONTEXT
R1,A3,frozen selectable architecture,True,6,0.590908365,0.04518769862,0.02083333333,0.0008333333333,existing within-scenario metrics; equal weight across frozen scenarios within regime,POST-HOLD DESCRIPTIVE CONTEXT
R1,A4,frozen non-selectable comparator,False,6,0.5863211155,0.04060044933,0.006666666667,0,existing within-scenario metrics; equal weight across frozen scenarios within regime,POST-HOLD DESCRIPTIVE CONTEXT
R2,B0,frozen target-only reference,False,78,0.521689063,0,0,0,existing within-scenario metrics; equal weight across frozen scenarios within regime,POST-HOLD DESCRIPTIVE CONTEXT
R2,B4,frozen non-selectable comparator,False,78,0.5288312311,0.007142168384,0.002115384615,0,existing within-scenario metrics; equal weight across frozen scenarios within regime,POST-HOLD DESCRIPTIVE CONTEXT
R2,A0,frozen non-selectable comparator,False,78,0.5217333004,4.423776643e-05,0.005641025641,0,existing within-scenario metrics; equal weight across frozen scenarios within regime,POST-HOLD DESCRIPTIVE CONTEXT
R2,A1,frozen non-selectable comparator,False,78,0.498468935,-0.02322012807,0.5301282051,0.3014102564,existing within-scenario metrics; equal weight across frozen scenarios within regime,POST-HOLD DESCRIPTIVE CONTEXT
R2,A2,frozen selectable architecture,True,78,0.521473071,-0.0002159920433,0.2791025641,0.07769230769,existing within-scenario metrics; equal weight across frozen scenarios within regime,POST-HOLD DESCRIPTIVE CONTEXT
R2,A3,frozen selectable architecture,True,78,0.5383041468,0.01661508428,0.123525641,0.01826923077,existing within-scenario metrics; equal weight across frozen scenarios within regime,POST-HOLD DESCRIPTIVE CONTEXT
R2,A4,frozen non-selectable comparator,False,78,0.5355439923,0.01385492933,0.09621794872,0.009743589744,existing within-scenario metrics; equal weight across frozen scenarios within regime,POST-HOLD DESCRIPTIVE CONTEXT
R3,B0,frozen target-only reference,False,6,0.5262640547,0,0,0,existing within-scenario metrics; equal weight across frozen scenarios within regime,POST-HOLD DESCRIPTIVE CONTEXT
R3,B4,frozen non-selectable comparator,False,6,0.5179094347,-0.008354619118,0.1416666667,0.01083333333,existing within-scenario metrics; equal weight across frozen scenarios within regime,POST-HOLD DESCRIPTIVE CONTEXT
R3,A0,frozen non-selectable comparator,False,6,0.5269038635,0.0006398103604,0.001666666667,0,existing within-scenario metrics; equal weight across frozen scenarios within regime,POST-HOLD DESCRIPTIVE CONTEXT
R3,A1,frozen non-selectable comparator,False,6,0.5198329648,-0.006431089017,0.3666666667,0.1391666667,existing within-scenario metrics; equal weight across frozen scenarios within regime,POST-HOLD DESCRIPTIVE CONTEXT
R3,A2,frozen selectable architecture,True,6,0.5177165977,-0.008547455991,0.3641666667,0.1316666667,existing within-scenario metrics; equal weight across frozen scenarios within regime,POST-HOLD DESCRIPTIVE CONTEXT
R3,A3,frozen selectable architecture,True,6,0.5215303996,-0.004733654069,0.2816666667,0.03583333333,existing within-scenario metrics; equal weight across frozen scenarios within regime,POST-HOLD DESCRIPTIVE CONTEXT
R3,A4,frozen non-selectable comparator,False,6,0.5073103543,-0.01895369908,0.4725,0.1066666667,existing within-scenario metrics; equal weight across frozen scenarios within regime,POST-HOLD DESCRIPTIVE CONTEXT
R4,B0,frozen target-only reference,False,6,0.5522721341,0,0,0,existing within-scenario metrics; equal weight across frozen scenarios within regime,POST-HOLD DESCRIPTIVE CONTEXT
R4,B4,frozen non-selectable comparator,False,6,0.5265218954,-0.02575023894,0.5116666667,0.1133333333,existing within-scenario metrics; equal weight across frozen scenarios within regime,POST-HOLD DESCRIPTIVE CONTEXT
R4,A0,frozen non-selectable comparator,False,6,0.5534637159,0.001191580753,0.001666666667,0,existing within-scenario metrics; equal weight across frozen scenarios within regime,POST-HOLD DESCRIPTIVE CONTEXT
R4,A1,frozen non-selectable comparator,False,6,0.5770315454,0.02475941057,0.1516666667,0.06833333333,existing within-scenario metrics; equal weight across frozen scenarios within regime,POST-HOLD DESCRIPTIVE CONTEXT
R4,A2,frozen selectable architecture,True,6,0.5586840022,0.006411867164,0.2766666667,0.13,existing within-scenario metrics; equal weight across frozen scenarios within regime,POST-HOLD DESCRIPTIVE CONTEXT
R4,A3,frozen selectable architecture,True,6,0.5159561139,-0.03631602063,0.6891666667,0.2716666667,existing within-scenario metrics; equal weight across frozen scenarios within regime,POST-HOLD DESCRIPTIVE CONTEXT
R4,A4,frozen non-selectable comparator,False,6,0.4959261111,-0.05634602386,0.8908333333,0.565,existing within-scenario metrics; equal weight across frozen scenarios within regime,POST-HOLD DESCRIPTIVE CONTEXT
R5,B0,frozen target-only reference,False,78,0.5913750788,0,0,0,existing within-scenario metrics; equal weight across frozen scenarios within regime,POST-HOLD DESCRIPTIVE CONTEXT
R5,B4,frozen non-selectable comparator,False,78,0.5579597971,-0.03341528153,0.6526923077,0.2199358974,existing within-scenario metrics; equal weight across frozen scenarios within regime,POST-HOLD DESCRIPTIVE CONTEXT
R5,A0,frozen non-selectable comparator,False,78,0.5905895264,-0.0007855524052,0.01467948718,0,existing within-scenario metrics; equal weight across frozen scenarios within regime,POST-HOLD DESCRIPTIVE CONTEXT
R5,A1,frozen non-selectable comparator,False,78,0.6492342286,0.05785914983,0.05326923077,0.02051282051,existing within-scenario metrics; equal weight across frozen scenarios within regime,POST-HOLD DESCRIPTIVE CONTEXT
R5,A2,frozen selectable architecture,True,78,0.6194384129,0.028063334,0.1498076923,0.05955128205,existing within-scenario metrics; equal weight across frozen scenarios within regime,POST-HOLD DESCRIPTIVE CONTEXT
R5,A3,frozen selectable architecture,True,78,0.511607216,-0.0797678626,0.9204487179,0.7121794872,existing within-scenario metrics; equal weight across frozen scenarios within regime,POST-HOLD DESCRIPTIVE CONTEXT
R5,A4,frozen non-selectable comparator,False,78,0.4917903056,-0.09958477321,0.9791025641,0.8797435897,existing within-scenario metrics; equal weight across frozen scenarios within regime,POST-HOLD DESCRIPTIVE CONTEXT
