module_label,canine_gene,canine_gene_symbol,human_gene_symbol,ortholog_qc_status,raw_pca_loading,risk_oriented_loading,absolute_risk_loading,is_strict_mapping,is_broad_mapping,human_symbol_duplicate_count,normalized_abs_sum_weight,canonical_human_gene_symbol
M34,ABCC3_3,ABCC3,ABCC3,strict_symbol_concordant_one_to_one,0.074553954480611,-0.074553954480611,0.074553954480611,True,True,1,-0.0072077766687991,ABCC3
M34,ACOD1_3,ACOD1,ACOD1,strict_symbol_concordant_one_to_one,0.0622329927592512,-0.0622329927592512,0.0622329927592512,True,True,1,-0.0060166025580351,ACOD1
M34,ADCY7_3,ADCY7,ADCY7,strict_symbol_concordant_one_to_one,0.0562933877590652,-0.0562933877590652,0.0562933877590652,True,True,1,-0.0054423694856183,ADCY7
M34,ADGRE3_3,ADGRE3,ADGRE3,strict_symbol_concordant_one_to_one,0.0425819163285164,-0.0425819163285164,0.0425819163285164,True,True,1,-0.0041167627547544,ADGRE3
M34,ADGRF1_3,ADGRF1,ADGRF1,strict_symbol_concordant_one_to_one,0.0487755408682422,-0.0487755408682422,0.0487755408682422,True,True,1,-0.004715554096726,ADGRF1
M34,ADGRG6_3,ADGRG6,ADGRG6,strict_symbol_concordant_one_to_one,0.055423993865047,-0.055423993865047,0.055423993865047,True,True,1,-0.0053583176459948,ADGRG6
M34,ALOX5_3,ALOX5,ALOX5,strict_symbol_concordant_one_to_one,0.0455899499967494,-0.0455899499967494,0.0455899499967494,True,True,1,-0.004407575429198,ALOX5
M34,ANKRD22_3,ANKRD22,ANKRD22,strict_symbol_concordant_one_to_one,0.0705661002310783,-0.0705661002310783,0.0705661002310783,True,True,1,-0.0068222362502043,ANKRD22
M34,ANXA3_3,ANXA3,ANXA3,strict_symbol_concordant_one_to_one,0.0547995442070339,-0.0547995442070339,0.0547995442070339,True,True,1,-0.0052979466877106,ANXA3
M34,ARHGAP30_3,ARHGAP30,ARHGAP30,strict_symbol_concordant_one_to_one,0.0810035690711722,-0.0810035690711722,0.0810035690711722,True,True,1,-0.0078313167867238,ARHGAP30
M34,ARHGDIB_3,ARHGDIB,ARHGDIB,strict_symbol_concordant_one_to_one,0.0717694835312509,-0.0717694835312509,0.0717694835312509,True,True,1,-0.0069385777391975,ARHGDIB
M34,ARRB1_3,ARRB1,ARRB1,strict_symbol_concordant_one_to_one,0.0575913601323136,-0.0575913601323136,0.0575913601323136,True,True,1,-0.0055678557197667,ARRB1
M34,ATF7IP2_3,ATF7IP2,ATF7IP2,strict_symbol_concordant_one_to_one,0.0441874357636808,-0.0441874357636808,0.0441874357636808,True,True,1,-0.004271982227775,ATF7IP2
M34,ATP8A1_3,ATP8A1,ATP8A1,strict_symbol_concordant_one_to_one,0.0738598969197338,-0.0738598969197338,0.0738598969197338,True,True,1,-0.0071406761115055,ATP8A1
M34,B2M_3,B2M,B2M,strict_symbol_concordant_one_to_one,0.0773112032797366,-0.0773112032797366,0.0773112032797366,True,True,1,-0.0074743437973017,B2M
M34,BATF2_3,BATF2,BATF2,strict_symbol_concordant_one_to_one,0.063170832261762,-0.063170832261762,0.063170832261762,True,True,1,-0.0061072716276018,BATF2
M34,BLNK_3,BLNK,BLNK,strict_symbol_concordant_one_to_one,0.0785045212037167,-0.0785045212037167,0.0785045212037167,True,True,1,-0.0075897121791783,BLNK
M34,BTK_3,BTK,BTK,strict_symbol_concordant_one_to_one,0.0717131368705875,-0.0717131368705875,0.0717131368705875,True,True,1,-0.0069331302193587,BTK
M34,C3AR1_3,C3AR1,C3AR1,strict_symbol_concordant_one_to_one,0.0750105506389264,-0.0750105506389264,0.0750105506389264,True,True,1,-0.007251919775089,C3AR1
M34,CAPG_3,CAPG,CAPG,strict_symbol_concordant_one_to_one,0.0365907499069343,-0.0365907499069343,0.0365907499069343,True,True,1,-0.0035375447930351,CAPG
M34,CARD9_3,CARD9,CARD9,strict_symbol_concordant_one_to_one,0.0730782009629116,-0.0730782009629116,0.0730782009629116,True,True,1,-0.0070651027912312,CARD9
M34,CASP8_3,CASP8,CASP8,strict_symbol_concordant_one_to_one,0.0516377190818151,-0.0516377190818151,0.0516377190818151,True,True,1,-0.0049922656607666,CASP8
M34,CBLN3_3,CBLN3,CBLN3,strict_symbol_concordant_one_to_one,0.0471262279535087,-0.0471262279535087,0.0471262279535087,True,True,1,-0.004556100728636,CBLN3
M34,CBX7_3,CBX7,CBX7,strict_symbol_concordant_one_to_one,0.0557146467720475,-0.0557146467720475,0.0557146467720475,True,True,1,-0.0053864175805508,CBX7
M34,CCR2_3,CCR2,CCR2,strict_symbol_concordant_one_to_one,0.0731990664938683,-0.0731990664938683,0.0731990664938683,True,True,1,-0.0070767879092127,CCR2
M34,CD244_3,CD244,CD244,strict_symbol_concordant_one_to_one,0.0706410507238519,-0.0706410507238519,0.0706410507238519,True,True,1,-0.0068294823636652,CD244
M34,CD74_3,CD74,CD74,strict_symbol_concordant_one_to_one,0.0766373117930356,-0.0766373117930356,0.0766373117930356,True,True,1,-0.007409192869105,CD74
M34,CD80_3,CD80,CD80,strict_symbol_concordant_one_to_one,0.0736771915361654,-0.0736771915361654,0.0736771915361654,True,True,1,-0.0071230123992299,CD80
M34,CD86_3,CD86,CD86,strict_symbol_concordant_one_to_one,0.073437850320286,-0.073437850320286,0.073437850320286,True,True,1,-0.0070998732103872,CD86
M34,CLEC12A_3,CLEC12A,CLEC12A,strict_symbol_concordant_one_to_one,0.0762652109091431,-0.0762652109091431,0.0762652109091431,True,True,1,-0.0073732186530082,CLEC12A
M34,CSF1R_3,CSF1R,CSF1R,strict_symbol_concordant_one_to_one,0.0690373992876355,-0.0690373992876355,0.0690373992876355,True,True,1,-0.0066744434862861,CSF1R
M34,CSF2RB_3,CSF2RB,CSF2RB,strict_symbol_concordant_one_to_one,0.0726220012403615,-0.0726220012403615,0.0726220012403615,True,True,1,-0.0070209980118212,CSF2RB
M34,CTSH_3,CTSH,CTSH,strict_symbol_concordant_one_to_one,0.0650283581302952,-0.0650283581302952,0.0650283581302952,True,True,1,-0.0062868547457634,CTSH
M34,CYP4V2_3,CYP4V2,CYP4V2,strict_symbol_concordant_one_to_one,0.0783514014235392,-0.0783514014235392,0.0783514014235392,True,True,1,-0.0075749087634938,CYP4V2
M34,CYSLTR2_3,CYSLTR2,CYSLTR2,strict_symbol_concordant_one_to_one,0.0642747628123309,-0.0642747628123309,0.0642747628123309,True,True,1,-0.0062139981576939,CYSLTR2
M34,CYTH4_3,CYTH4,CYTH4,strict_symbol_concordant_one_to_one,0.0680534116302419,-0.0680534116302419,0.0680534116302419,True,True,1,-0.006579312874788,CYTH4
M34,DAPP1_3,DAPP1,DAPP1,strict_symbol_concordant_one_to_one,0.0812124642632289,-0.0812124642632289,0.0812124642632289,True,True,1,-0.0078515124946781,DAPP1
M34,DENND1C_3,DENND1C,DENND1C,strict_symbol_concordant_one_to_one,0.0846152869978331,-0.0846152869978331,0.0846152869978331,True,True,1,-0.0081804928483751,DENND1C
M34,DHX58_3,DHX58,DHX58,strict_symbol_concordant_one_to_one,0.0580673695888546,-0.0580673695888546,0.0580673695888546,True,True,1,-0.0056138756777808,DHX58
M34,DNASE1L3_3,DNASE1L3,DNASE1L3,strict_symbol_concordant_one_to_one,0.0511520332778766,-0.0511520332778766,0.0511520332778766,True,True,1,-0.0049453102064197,DNASE1L3
M34,DOCK2_3,DOCK2,DOCK2,strict_symbol_concordant_one_to_one,0.0820648276489865,-0.0820648276489865,0.0820648276489865,True,True,1,-0.0079339178475263,DOCK2
M34,DOK2_3,DOK2,DOK2,strict_symbol_concordant_one_to_one,0.0679890944558014,-0.0679890944558014,0.0679890944558014,True,True,1,-0.0065730947763307,DOK2
M34,DRAM1_3,DRAM1,DRAM1,strict_symbol_concordant_one_to_one,0.0614431662159901,-0.0614431662159901,0.0614431662159901,True,True,1,-0.0059402431835314,DRAM1
M34,DTX3L_3,DTX3L,DTX3L,strict_symbol_concordant_one_to_one,0.0525969102372983,-0.0525969102372983,0.0525969102372983,True,True,1,-0.0050849989796036,DTX3L
M34,EGR1_3,EGR1,EGR1,strict_symbol_concordant_one_to_one,0.0261710057302248,-0.0261710057302248,0.0261710057302248,True,True,1,-0.0025301778532804,EGR1
M34,EHD3_3,EHD3,EHD3,strict_symbol_concordant_one_to_one,0.0462295130805107,-0.0462295130805107,0.0462295130805107,True,True,1,-0.0044694075332825,EHD3
M34,ENPP5_3,ENPP5,ENPP5,strict_symbol_concordant_one_to_one,0.0663357583732156,-0.0663357583732156,0.0663357583732156,True,True,1,-0.0064132524537502,ENPP5
M34,EPAS1_3,EPAS1,EPAS1,strict_symbol_concordant_one_to_one,0.0484018002955253,-0.0484018002955253,0.0484018002955253,True,True,1,-0.0046794213577053,EPAS1
M34,EPHB3_3,EPHB3,EPHB3,strict_symbol_concordant_one_to_one,-0.0362068053439305,0.0362068053439305,0.0362068053439305,True,True,1,0.0035004255458723,EPHB3
M34,EVI2A_3,EVI2A,EVI2A,strict_symbol_concordant_one_to_one,0.0550671361239886,-0.0550671361239886,0.0550671361239886,True,True,1,-0.0053238171165728,EVI2A
M34,F5_3,F5,F5,strict_symbol_concordant_one_to_one,0.0498093733086964,-0.0498093733086964,0.0498093733086964,True,True,1,-0.0048155036352269,F5
M34,FAM107A_3,FAM107A,FAM107A,strict_symbol_concordant_one_to_one,0.0167182415832317,-0.0167182415832317,0.0167182415832317,True,True,1,-0.0016162972503129,FAM107A
M34,FAXDC2_3,FAXDC2,FAXDC2,strict_symbol_concordant_one_to_one,0.0351169618510163,-0.0351169618510163,0.0351169618510163,True,True,1,-0.0033950609336851,FAXDC2
M34,FCER1G_2,FCER1G,FCER1G,strict_symbol_concordant_one_to_one,0.0753330602634283,-0.0753330602634283,0.0753330602634283,True,True,1,-0.0072830995745127,FCER1G
M34,FERMT3_3,FERMT3,FERMT3,strict_symbol_concordant_one_to_one,0.0773587299216817,-0.0773587299216817,0.0773587299216817,True,True,1,-0.0074789386095199,FERMT3
M34,FGR_3,FGR,FGR,strict_symbol_concordant_one_to_one,0.0766369603636574,-0.0766369603636574,0.0766369603636574,True,True,1,-0.0074091588933825,FGR
M34,FYB1_3,FYB1,FYB1,strict_symbol_concordant_one_to_one,0.0777085855516639,-0.0777085855516639,0.0777085855516639,True,True,1,-0.0075127621842021,FYB1
M34,GAB2_3,GAB2,GAB2,strict_symbol_concordant_one_to_one,0.0652855394780276,-0.0652855394780276,0.0652855394780276,True,True,1,-0.0063117186947081,GAB2
M34,GBP1_3,GBP1,GBP1,strict_symbol_concordant_one_to_one,0.0721503036776635,-0.0721503036776635,0.0721503036776635,True,True,1,-0.0069753949219405,GBP1
M34,GIMAP6_3,GIMAP6,GIMAP6,strict_symbol_concordant_one_to_one,0.080834971073273,-0.080834971073273,0.080834971073273,True,True,1,-0.0078150169576386,GIMAP6
M34,GLUL_3,GLUL,GLUL,strict_symbol_concordant_one_to_one,0.0615425688812319,-0.0615425688812319,0.0615425688812319,True,True,1,-0.0059498533003433,GLUL
M34,GMFG_3,GMFG,GMFG,strict_symbol_concordant_one_to_one,0.0731014939242394,-0.0731014939242394,0.0731014939242394,True,True,1,-0.0070673547235985,GMFG
M34,GPR183_3,GPR183,GPR183,strict_symbol_concordant_one_to_one,0.0524661929332497,-0.0524661929332497,0.0524661929332497,True,True,1,-0.0050723614053677,GPR183
M34,GPSM3_3,GPSM3,GPSM3,strict_symbol_concordant_one_to_one,0.0749784554183961,-0.0749784554183961,0.0749784554183961,True,True,1,-0.0072488168520673,GPSM3
M34,GSAP_3,GSAP,GSAP,strict_symbol_concordant_one_to_one,0.0469808882018355,-0.0469808882018355,0.0469808882018355,True,True,1,-0.0045420494757084,GSAP
M34,HACD4_3,HACD4,HACD4,strict_symbol_concordant_one_to_one,0.0664152283253819,-0.0664152283253819,0.0664152283253819,True,True,1,-0.0064209355025044,HACD4
M34,HCLS1_3,HCLS1,HCLS1,strict_symbol_concordant_one_to_one,0.0827925186446711,-0.0827925186446711,0.0827925186446711,True,True,1,-0.008004270040342,HCLS1
M34,HNMT_3,HNMT,HNMT,strict_symbol_concordant_one_to_one,0.0621685428304926,-0.0621685428304926,0.0621685428304926,True,True,1,-0.0060103716250678,HNMT
M34,IFI30_3,IFI30,IFI30,strict_symbol_concordant_one_to_one,0.0579779739923923,-0.0579779739923923,0.0579779739923923,True,True,1,-0.0056052330310029,IFI30
M34,IFI35_3,IFI35,IFI35,strict_symbol_concordant_one_to_one,0.06057165481638,-0.06057165481638,0.06057165481638,True,True,1,-0.0058559866262976,IFI35
M34,IL18_3,IL18,IL18,strict_symbol_concordant_one_to_one,0.077388291222115,-0.077388291222115,0.077388291222115,True,True,1,-0.0074817965565335,IL18
M34,IL1RN_3,IL1RN,IL1RN,strict_symbol_concordant_one_to_one,0.0683757645236215,-0.0683757645236215,0.0683757645236215,True,True,1,-0.0066104775216562,IL1RN
M34,IL34_3,IL34,IL34,strict_symbol_concordant_one_to_one,0.0468521286242338,-0.0468521286242338,0.0468521286242338,True,True,1,-0.0045296011718486,IL34
M34,INPP5D_3,INPP5D,INPP5D,strict_symbol_concordant_one_to_one,0.0774976740389577,-0.0774976740389577,0.0774976740389577,True,True,1,-0.0074923715410625,INPP5D
M34,IRF5_3,IRF5,IRF5,strict_symbol_concordant_one_to_one,0.0794607074542069,-0.0794607074542069,0.0794607074542069,True,True,1,-0.007682154987817,IRF5
M34,JAML_3,JAML,JAML,strict_symbol_concordant_one_to_one,0.0726809452399857,-0.0726809452399857,0.0726809452399857,True,True,1,-0.0070266966389191,JAML
M34,JCHAIN_3,JCHAIN,JCHAIN,strict_symbol_concordant_one_to_one,0.0519498414004262,-0.0519498414004262,0.0519498414004262,True,True,1,-0.0050224412293406,JCHAIN
M34,KBTBD12_3,KBTBD12,KBTBD12,strict_symbol_concordant_one_to_one,0.0341395803619888,-0.0341395803619888,0.0341395803619888,True,True,1,-0.0033005689977146,KBTBD12
M34,KCNQ1_3,KCNQ1,KCNQ1,strict_symbol_concordant_one_to_one,0.0760476523483408,-0.0760476523483408,0.0760476523483408,True,True,1,-0.0073521853821432,KCNQ1
M34,KIAA0040_3,KIAA0040,KIAA0040,strict_symbol_concordant_one_to_one,0.0452741957951717,-0.0452741957951717,0.0452741957951717,True,True,1,-0.0043770487350332,KIAA0040
M34,LAMA3_3,LAMA3,LAMA3,strict_symbol_concordant_one_to_one,0.0282191257459631,-0.0282191257459631,0.0282191257459631,True,True,1,-0.0027281873588417,LAMA3
M34,LAPTM5_3,LAPTM5,LAPTM5,strict_symbol_concordant_one_to_one,0.0771987842497218,-0.0771987842497218,0.0771987842497218,True,True,1,-0.0074634752757415,LAPTM5
M34,LCP1_3,LCP1,LCP1,strict_symbol_concordant_one_to_one,0.0767748487395036,-0.0767748487395036,0.0767748487395036,True,True,1,-0.0074224897572548,LCP1
M34,LPAR5_3,LPAR5,LPAR5,strict_symbol_concordant_one_to_one,0.0634392126082228,-0.0634392126082228,0.0634392126082228,True,True,1,-0.0061332182807748,LPAR5
M34,LY96_3,LY96,LY96,strict_symbol_concordant_one_to_one,0.0612541816679478,-0.0612541816679478,0.0612541816679478,True,True,1,-0.0059219724100274,LY96
M34,MARCHF1_3,MARCHF1,MARCHF1,strict_symbol_concordant_one_to_one,0.0753902088117608,-0.0753902088117608,0.0753902088117608,True,True,1,-0.0072886246197795,MARCHF1
M34,MCTP1_3,MCTP1,MCTP1,strict_symbol_concordant_one_to_one,0.0599621281460907,-0.0599621281460907,0.0599621281460907,True,True,1,-0.0057970584025202,MCTP1
M34,MILR1_3,MILR1,MILR1,strict_symbol_concordant_one_to_one,0.0833096055971545,-0.0833096055971545,0.0833096055971545,True,True,1,-0.0080542613157588,MILR1
M34,MOSPD2_3,MOSPD2,MOSPD2,strict_symbol_concordant_one_to_one,0.0546431510383963,-0.0546431510383963,0.0546431510383963,True,True,1,-0.0052828268052052,MOSPD2
M34,MS4A7_3,MS4A7,MS4A7,strict_symbol_concordant_one_to_one,0.0668744323308811,-0.0668744323308811,0.0668744323308811,True,True,1,-0.0064653307319743,MS4A7
M34,MYO1G_3,MYO1G,MYO1G,strict_symbol_concordant_one_to_one,0.07965617441524,-0.07965617441524,0.07965617441524,True,True,1,-0.0077010524723444,MYO1G
M34,NCF4_3,NCF4,NCF4,strict_symbol_concordant_one_to_one,0.0736391294141049,-0.0736391294141049,0.0736391294141049,True,True,1,-0.0071193326041438,NCF4
M34,NCKAP1L_3,NCKAP1L,NCKAP1L,strict_symbol_concordant_one_to_one,0.0783489270680713,-0.0783489270680713,0.0783489270680713,True,True,1,-0.0075746695461145,NCKAP1L
M34,NFAM1_3,NFAM1,NFAM1,strict_symbol_concordant_one_to_one,0.0801343362400604,-0.0801343362400604,0.0801343362400604,True,True,1,-0.0077472805184469,NFAM1
M34,OAS1_3,OAS1,OAS1,strict_symbol_concordant_one_to_one,0.0501462176992563,-0.0501462176992563,0.0501462176992563,True,True,1,-0.004848069300673,OAS1
M34,OAS2_3,OAS2,OAS2,strict_symbol_concordant_one_to_one,0.0576348378012267,-0.0576348378012267,0.0576348378012267,True,True,1,-0.0055720590826841,OAS2
M34,OSBPL3_3,OSBPL3,OSBPL3,strict_symbol_concordant_one_to_one,0.0513227367327572,-0.0513227367327572,0.0513227367327572,True,True,1,-0.0049618135882717,OSBPL3
M34,PAG1_3,PAG1,PAG1,strict_symbol_concordant_one_to_one,0.048240223164409,-0.048240223164409,0.048240223164409,True,True,1,-0.0046638002966364,PAG1
M34,PAPPA_3,PAPPA,PAPPA,strict_symbol_concordant_one_to_one,0.0272872558002062,-0.0272872558002062,0.0272872558002062,True,True,1,-0.0026380954180429,PAPPA
M34,PARP12_3,PARP12,PARP12,strict_symbol_concordant_one_to_one,0.0723426847606341,-0.0723426847606341,0.0723426847606341,True,True,1,-0.0069939940679014,PARP12
M34,PARP14_3,PARP14,PARP14,strict_symbol_concordant_one_to_one,0.0596084179076502,-0.0596084179076502,0.0596084179076502,True,True,1,-0.0057628621694443,PARP14
M34,PARP15_3,PARP15,PARP15,strict_symbol_concordant_one_to_one,0.073353478892924,-0.073353478892924,0.073353478892924,True,True,1,-0.0070917162935625,PARP15
M34,PARP9_3,PARP9,PARP9,strict_symbol_concordant_one_to_one,0.0575304459487458,-0.0575304459487458,0.0575304459487458,True,True,1,-0.0055619666179186,PARP9
M34,PARVG_3,PARVG,PARVG,strict_symbol_concordant_one_to_one,0.0835820736904279,-0.0835820736904279,0.0835820736904279,True,True,1,-0.0080806031668299,PARVG
M34,PID1_3,PID1,PID1,strict_symbol_concordant_one_to_one,0.0356422230606891,-0.0356422230606891,0.0356422230606891,True,True,1,-0.0034458424853611,PID1
M34,PIK3AP1_3,PIK3AP1,PIK3AP1,strict_symbol_concordant_one_to_one,0.0789578866168171,-0.0789578866168171,0.0789578866168171,True,True,1,-0.007633542941339,PIK3AP1
M34,PIK3CG_3,PIK3CG,PIK3CG,strict_symbol_concordant_one_to_one,0.0673864115594216,-0.0673864115594216,0.0673864115594216,True,True,1,-0.0065148281994674,PIK3CG
M34,PIK3IP1_3,PIK3IP1,PIK3IP1,strict_symbol_concordant_one_to_one,0.0401798883740388,-0.0401798883740388,0.0401798883740388,True,True,1,-0.0038845379027167,PIK3IP1
M34,PRDM1_3,PRDM1,PRDM1,strict_symbol_concordant_one_to_one,0.0609033465587401,-0.0609033465587401,0.0609033465587401,True,True,1,-0.0058880541406028,PRDM1
M34,PRKAR2B_3,PRKAR2B,PRKAR2B,strict_symbol_concordant_one_to_one,0.0582071961869443,-0.0582071961869443,0.0582071961869443,True,True,1,-0.005627393926389,PRKAR2B
M34,PTAFR_3,PTAFR,PTAFR,strict_symbol_concordant_one_to_one,0.0776773936324589,-0.0776773936324589,0.0776773936324589,True,True,1,-0.0075097465911452,PTAFR
M34,PTK2B_3,PTK2B,PTK2B,strict_symbol_concordant_one_to_one,0.0746715198228609,-0.0746715198228609,0.0746715198228609,True,True,1,-0.0072191427289475,PTK2B
M34,PTPN6_3,PTPN6,PTPN6,strict_symbol_concordant_one_to_one,0.0838995626139224,-0.0838995626139224,0.0838995626139224,True,True,1,-0.0081112975715909,PTPN6
M34,PTPRC_4,PTPRC,PTPRC,strict_symbol_concordant_one_to_one,0.0840791735623078,-0.0840791735623078,0.0840791735623078,True,True,1,-0.008128662118009,PTPRC
M34,PTPRJ_3,PTPRJ,PTPRJ,strict_symbol_concordant_one_to_one,0.0733645623920716,-0.0733645623920716,0.0733645623920716,True,True,1,-0.0070927878314456,PTPRJ
M34,PTPRO_3,PTPRO,PTPRO,strict_symbol_concordant_one_to_one,0.0711420146491507,-0.0711420146491507,0.0711420146491507,True,True,1,-0.0068779148863642,PTPRO
M34,PYCARD_3,PYCARD,PYCARD,strict_symbol_concordant_one_to_one,0.0821541154173578,-0.0821541154173578,0.0821541154173578,True,True,1,-0.0079425500696286,PYCARD
M34,RAB29_3,RAB29,RAB29,strict_symbol_concordant_one_to_one,0.0574199066024839,-0.0574199066024839,0.0574199066024839,True,True,1,-0.0055512798216712,RAB29
M34,RASSF5_3,RASSF5,RASSF5,strict_symbol_concordant_one_to_one,0.0510319109699295,-0.0510319109699295,0.0510319109699295,True,True,1,-0.0049336969422454,RASSF5
M34,RETSAT_3,RETSAT,RETSAT,strict_symbol_concordant_one_to_one,0.0456181341754507,-0.0456181341754507,0.0456181341754507,True,True,1,-0.0044103002379233,RETSAT
M34,RGS18_3,RGS18,RGS18,strict_symbol_concordant_one_to_one,0.0767613703808162,-0.0767613703808162,0.0767613703808162,True,True,1,-0.0074211866875524,RGS18
M34,RNASEL_3,RNASEL,RNASEL,strict_symbol_concordant_one_to_one,0.05270917252062,-0.05270917252062,0.05270917252062,True,True,1,-0.005095852347103,RNASEL
M34,RNF213_3,RNF213,RNF213,strict_symbol_concordant_one_to_one,0.0606680467022342,-0.0606680467022342,0.0606680467022342,True,True,1,-0.0058653056649825,RNF213
M34,SAMD9L_3,SAMD9L,SAMD9L,strict_symbol_concordant_one_to_one,0.0726233770662706,-0.0726233770662706,0.0726233770662706,True,True,1,-0.0070211310248311,SAMD9L
M34,SAMSN1_3,SAMSN1,SAMSN1,strict_symbol_concordant_one_to_one,0.0749294360441245,-0.0749294360441245,0.0749294360441245,True,True,1,-0.007244077724483,SAMSN1
M34,SASH3_3,SASH3,SASH3,strict_symbol_concordant_one_to_one,0.0786452864304232,-0.0786452864304232,0.0786452864304232,True,True,1,-0.0076033211731465,SASH3
M34,SCTR_3,SCTR,SCTR,strict_symbol_concordant_one_to_one,0.0516283072028297,-0.0516283072028297,0.0516283072028297,True,True,1,-0.0049913557328864,SCTR
M34,SERPINB8_3,SERPINB8,SERPINB8,strict_symbol_concordant_one_to_one,0.0433657798653345,-0.0433657798653345,0.0433657798653345,True,True,1,-0.0041925456337655,SERPINB8
M34,SERPINB9_3,SERPINB9,SERPINB9,strict_symbol_concordant_one_to_one,0.0556612443928295,-0.0556612443928295,0.0556612443928295,True,True,1,-0.0053812547099067,SERPINB9
M34,SERPING1_3,SERPING1,SERPING1,strict_symbol_concordant_one_to_one,0.05333564533607,-0.05333564533607,0.05333564533607,True,True,1,-0.0051564189015439,SERPING1
M34,SH3TC1_3,SH3TC1,SH3TC1,strict_symbol_concordant_one_to_one,0.0724732901771042,-0.0724732901771042,0.0724732901771042,True,True,1,-0.0070066208249958,SH3TC1
M34,SIRPB2_3,SIRPB2,SIRPB2,strict_symbol_concordant_one_to_one,0.0761401507157501,-0.0761401507157501,0.0761401507157501,True,True,1,-0.0073611280006691,SIRPB2
M34,SLC43A2_3,SLC43A2,SLC43A2,strict_symbol_concordant_one_to_one,0.075843929132934,-0.075843929132934,0.075843929132934,True,True,1,-0.0073324896939784,SLC43A2
M34,SLC6A6_3,SLC6A6,SLC6A6,strict_symbol_concordant_one_to_one,0.0593747875535671,-0.0593747875535671,0.0593747875535671,True,True,1,-0.0057402750990868,SLC6A6
M34,SLC8A1_3,SLC8A1,SLC8A1,strict_symbol_concordant_one_to_one,0.0435954749062708,-0.0435954749062708,0.0435954749062708,True,True,1,-0.004214752243308,SLC8A1
M34,SLCO2B1_3,SLCO2B1,SLCO2B1,strict_symbol_concordant_one_to_one,0.0774471410675742,-0.0774471410675742,0.0774471410675742,True,True,1,-0.0074874860809326,SLCO2B1
M34,SLCO3A1_3,SLCO3A1,SLCO3A1,strict_symbol_concordant_one_to_one,0.0466026915248996,-0.0466026915248996,0.0466026915248996,True,True,1,-0.0045054859264879,SLCO3A1
M34,SP100_3,SP100,SP100,strict_symbol_concordant_one_to_one,0.0652815611407066,-0.0652815611407066,0.0652815611407066,True,True,1,-0.0063113340743734,SP100
M34,SRM_3,SRM,SRM,strict_symbol_concordant_one_to_one,-0.0362904911182836,0.0362904911182836,0.0362904911182836,True,True,1,0.0035085161746806,SRM
M34,SUSD1_3,SUSD1,SUSD1,strict_symbol_concordant_one_to_one,0.0475599886530273,-0.0475599886530273,0.0475599886530273,True,True,1,-0.0045980361332918,SUSD1
M34,SYK_3,SYK,SYK,strict_symbol_concordant_one_to_one,0.0704306618827598,-0.0704306618827598,0.0704306618827598,True,True,1,-0.0068091422517186,SYK
M34,SYTL1_3,SYTL1,SYTL1,strict_symbol_concordant_one_to_one,0.0534127627684756,-0.0534127627684756,0.0534127627684756,True,True,1,-0.0051638745118321,SYTL1
M34,TAGAP_3,TAGAP,TAGAP,strict_symbol_concordant_one_to_one,0.0807821565775036,-0.0807821565775036,0.0807821565775036,True,True,1,-0.0078099109227805,TAGAP
M34,TAPBPL_3,TAPBPL,TAPBPL,strict_symbol_concordant_one_to_one,0.0648038541444955,-0.0648038541444955,0.0648038541444955,True,True,1,-0.006265150000493,TAPBPL
M34,TBC1D9_3,TBC1D9,TBC1D9,strict_symbol_concordant_one_to_one,0.0630470967948235,-0.0630470967948235,0.0630470967948235,True,True,1,-0.0060953090480456,TBC1D9
M34,TLR1_3,TLR1,TLR1,strict_symbol_concordant_one_to_one,0.0744723565785727,-0.0744723565785727,0.0744723565785727,True,True,1,-0.0071998878926955,TLR1
M34,TLR3_3,TLR3,TLR3,strict_symbol_concordant_one_to_one,0.0621373845623098,-0.0621373845623098,0.0621373845623098,True,True,1,-0.0060073592853467,TLR3
M34,TLR7_3,TLR7,TLR7,strict_symbol_concordant_one_to_one,0.0780384374715623,-0.0780384374715623,0.0780384374715623,True,True,1,-0.0075446518269309,TLR7
M34,TLR8_3,TLR8,TLR8,strict_symbol_concordant_one_to_one,0.0724358482580339,-0.0724358482580339,0.0724358482580339,True,True,1,-0.0070030009903058,TLR8
M34,TMEM123_3,TMEM123,TMEM123,strict_symbol_concordant_one_to_one,0.0367638815766869,-0.0367638815766869,0.0367638815766869,True,True,1,-0.0035542829314554,TMEM123
M34,TMEM140_3,TMEM140,TMEM140,strict_symbol_concordant_one_to_one,0.0683808710238255,-0.0683808710238255,0.0683808710238255,True,True,1,-0.0066109712112705,TMEM140
M34,TMEM144_3,TMEM144,TMEM144,strict_symbol_concordant_one_to_one,0.0776263801710967,-0.0776263801710967,0.0776263801710967,True,True,1,-0.0075048146778864,TMEM144
M34,TMEM86A_3,TMEM86A,TMEM86A,strict_symbol_concordant_one_to_one,0.073207126555748,-0.073207126555748,0.073207126555748,True,True,1,-0.0070775671452219,TMEM86A
M34,TNFAIP8_3,TNFAIP8,TNFAIP8,strict_symbol_concordant_one_to_one,0.0668094954601034,-0.0668094954601034,0.0668094954601034,True,True,1,-0.0064590527221035,TNFAIP8
M34,TNFAIP8L2_3,TNFAIP8L2,TNFAIP8L2,strict_symbol_concordant_one_to_one,0.0768608462098133,-0.0768608462098133,0.0768608462098133,True,True,1,-0.0074308038777383,TNFAIP8L2
M34,TNFSF8_3,TNFSF8,TNFSF8,strict_symbol_concordant_one_to_one,0.0720137561848778,-0.0720137561848778,0.0720137561848778,True,True,1,-0.0069621936928502,TNFSF8
M34,TRANK1_3,TRANK1,TRANK1,strict_symbol_concordant_one_to_one,0.0563699560584323,-0.0563699560584323,0.0563699560584323,True,True,1,-0.0054497720064583,TRANK1
M34,TRIM14_3,TRIM14,TRIM14,strict_symbol_concordant_one_to_one,0.0650251168776304,-0.0650251168776304,0.0650251168776304,True,True,1,-0.0062865413857881,TRIM14
M34,TRIM22_3,TRIM22,TRIM22,strict_symbol_concordant_one_to_one,0.0722067296280384,-0.0722067296280384,0.0722067296280384,True,True,1,-0.0069808501074026,TRIM22
M34,VAV1_3,VAV1,VAV1,strict_symbol_concordant_one_to_one,0.0828691717953871,-0.0828691717953871,0.0828691717953871,True,True,1,-0.008011680764497,VAV1
M34,VWA5A_3,VWA5A,VWA5A,strict_symbol_concordant_one_to_one,0.0751139723749701,-0.0751139723749701,0.0751139723749701,True,True,1,-0.007261918450294,VWA5A
M34,ZMAT1_3,ZMAT1,ZMAT1,strict_symbol_concordant_one_to_one,0.0540908834787659,-0.0540908834787659,0.0540908834787659,True,True,1,-0.0052294343157126,ZMAT1
M40,ARL4D_3,ARL4D,ARL4D,strict_symbol_concordant_one_to_one,0.0707807010223402,0.0707807010223402,0.0707807010223402,True,True,1,0.0080023227273702,ARL4D
M40,ATAD2_3,ATAD2,ATAD2,strict_symbol_concordant_one_to_one,0.0812929387945231,0.0812929387945231,0.0812929387945231,True,True,1,0.0091908150427163,ATAD2
M40,BARX1_3,BARX1,BARX1,strict_symbol_concordant_one_to_one,0.0352349466365588,0.0352349466365588,0.0352349466365588,True,True,1,0.0039835917163128,BARX1
M40,BUB1_3,BUB1,BUB1,strict_symbol_concordant_one_to_one,0.1080697916378347,0.1080697916378347,0.1080697916378347,True,True,1,0.0122181518023204,BUB1
M40,C1S_3,C1S,C1S,strict_symbol_concordant_one_to_one,-0.0627826655048853,-0.0627826655048853,0.0627826655048853,True,True,1,-0.0070980810277091,C1S
M40,CALHM5_3,CALHM5,CALHM5,strict_symbol_concordant_one_to_one,-0.0426000317835533,-0.0426000317835533,0.0426000317835533,True,True,1,-0.0048162733288079,CALHM5
M40,CCNA2_3,CCNA2,CCNA2,strict_symbol_concordant_one_to_one,0.1003485100041255,0.1003485100041255,0.1003485100041255,True,True,1,0.0113451993363318,CCNA2
M40,CCNB3_3,CCNB3,CCNB3,strict_symbol_concordant_one_to_one,0.0982493126043871,0.0982493126043871,0.0982493126043871,True,True,1,0.0111078683291712,CCNB3
M40,CDC20_3,CDC20,CDC20,strict_symbol_concordant_one_to_one,0.1048761597715563,0.1048761597715563,0.1048761597715563,True,True,1,0.0118570862505918,CDC20
M40,CDC6_3,CDC6,CDC6,strict_symbol_concordant_one_to_one,0.1033835455200157,0.1033835455200157,0.1033835455200157,True,True,1,0.0116883343058416,CDC6
M40,CDCA2_3,CDCA2,CDCA2,strict_symbol_concordant_one_to_one,0.0986817715782768,0.0986817715782768,0.0986817715782768,True,True,1,0.0111567612650341,CDCA2
M40,CDCA8_3,CDCA8,CDCA8,strict_symbol_concordant_one_to_one,0.1090235308787705,0.1090235308787705,0.1090235308787705,True,True,1,0.0123259796295882,CDCA8
M40,CENPI_3,CENPI,CENPI,strict_symbol_concordant_one_to_one,0.1008672286125217,0.1008672286125217,0.1008672286125217,True,True,1,0.011403844611797,CENPI
M40,CENPK_3,CENPK,CENPK,strict_symbol_concordant_one_to_one,0.0865983343584617,0.0865983343584617,0.0865983343584617,True,True,1,0.0097906323218019,CENPK
M40,CENPT_3,CENPT,CENPT,strict_symbol_concordant_one_to_one,0.1012988126993273,0.1012988126993273,0.1012988126993273,True,True,1,0.0114526386346978,CENPT
M40,CEP72_3,CEP72,CEP72,strict_symbol_concordant_one_to_one,0.0758381836856351,0.0758381836856351,0.0758381836856351,True,True,1,0.0085741114759303,CEP72
M40,CLSPN_3,CLSPN,CLSPN,strict_symbol_concordant_one_to_one,0.1019028132144472,0.1019028132144472,0.1019028132144472,True,True,1,0.0115209257098422,CLSPN
M40,CLTCL1_3,CLTCL1,CLTCL1,strict_symbol_concordant_one_to_one,0.0586817184886356,0.0586817184886356,0.0586817184886356,True,True,1,0.0066344362624289,CLTCL1
M40,CRYBG1_3,CRYBG1,CRYBG1,strict_symbol_concordant_one_to_one,-0.0506572236152849,-0.0506572236152849,0.0506572236152849,True,True,1,-0.0057272031215701,CRYBG1
M40,CXCL14_3,CXCL14,CXCL14,strict_symbol_concordant_one_to_one,-0.0644310171575864,-0.0644310171575864,0.0644310171575864,True,True,1,-0.0072844403276678,CXCL14
M40,DEPDC1_3,DEPDC1,DEPDC1,strict_symbol_concordant_one_to_one,0.1034864241656688,0.1034864241656688,0.1034864241656688,True,True,1,0.0116999655571909,DEPDC1
M40,DLGAP5_3,DLGAP5,DLGAP5,strict_symbol_concordant_one_to_one,0.1061661815468106,0.1061661815468106,0.1061661815468106,True,True,1,0.0120029335002208,DLGAP5
M40,DNA2_3,DNA2,DNA2,strict_symbol_concordant_one_to_one,0.1020277798833881,0.1020277798833881,0.1020277798833881,True,True,1,0.0115350541883764,DNA2
M40,DNAJB1_3,DNAJB1,DNAJB1,strict_symbol_concordant_one_to_one,0.0398023447798947,0.0398023447798947,0.0398023447798947,True,True,1,0.0044999725014626,DNAJB1
M40,DNPH1_3,DNPH1,DNPH1,strict_symbol_concordant_one_to_one,0.0901759425318582,0.0901759425318582,0.0901759425318582,True,True,1,0.0101951094572652,DNPH1
M40,DSCC1_3,DSCC1,DSCC1,strict_symbol_concordant_one_to_one,0.0833184330489704,0.0833184330489704,0.0833184330489704,True,True,1,0.0094198133215184,DSCC1
M40,DSN1_3,DSN1,DSN1,strict_symbol_concordant_one_to_one,0.1079458053910122,0.1079458053910122,0.1079458053910122,True,True,1,0.0122041341683256,DSN1
M40,E2F1_3,E2F1,E2F1,strict_symbol_concordant_one_to_one,0.0990184470275903,0.0990184470275903,0.0990184470275903,True,True,1,0.011194825109569,E2F1
M40,E2F7_3,E2F7,E2F7,strict_symbol_concordant_one_to_one,0.0876617796025766,0.0876617796025766,0.0876617796025766,True,True,1,0.0099108632876355,E2F7
M40,E2F8_3,E2F8,E2F8,strict_symbol_concordant_one_to_one,0.0956343061760119,0.0956343061760119,0.0956343061760119,True,True,1,0.0108122209977411,E2F8
M40,ECT2_3,ECT2,ECT2,strict_symbol_concordant_one_to_one,0.0993500067392626,0.0993500067392626,0.0993500067392626,True,True,1,0.0112323105791656,ECT2
M40,ELOVL4_3,ELOVL4,ELOVL4,strict_symbol_concordant_one_to_one,0.0706171079865341,0.0706171079865341,0.0706171079865341,True,True,1,0.0079838272300163,ELOVL4
M40,EPHA2_3,EPHA2,EPHA2,strict_symbol_concordant_one_to_one,0.0596577584757255,0.0596577584757255,0.0596577584757255,True,True,1,0.006744785366898,EPHA2
M40,ESPL1_3,ESPL1,ESPL1,strict_symbol_concordant_one_to_one,0.0958233321628845,0.0958233321628845,0.0958233321628845,True,True,1,0.0108335918930412,ESPL1
M40,EXO1_3,EXO1,EXO1,strict_symbol_concordant_one_to_one,0.0700468717236901,0.0700468717236901,0.0700468717236901,True,True,1,0.0079193574728619,EXO1
M40,FAM131C_3,FAM131C,FAM131C,strict_symbol_concordant_one_to_one,0.0417195665396428,0.0417195665396428,0.0417195665396428,True,True,1,0.0047167297112647,FAM131C
M40,FAM180A_3,FAM180A,FAM180A,strict_symbol_concordant_one_to_one,-0.0638963683121301,-0.0638963683121301,0.0638963683121301,True,True,1,-0.0072239940118591,FAM180A
M40,FAM83D_3,FAM83D,FAM83D,strict_symbol_concordant_one_to_one,0.0955707148225928,0.0955707148225928,0.0955707148225928,True,True,1,0.0108050314880954,FAM83D
M40,FANCA_3,FANCA,FANCA,strict_symbol_concordant_one_to_one,0.0899611335993833,0.0899611335993833,0.0899611335993833,True,True,1,0.0101708235943455,FANCA
M40,FANCD2_3,FANCD2,FANCD2,strict_symbol_concordant_one_to_one,0.1005852223341002,0.1005852223341002,0.1005852223341002,True,True,1,0.0113719615530186,FANCD2
M40,FANCM_3,FANCM,FANCM,strict_symbol_concordant_one_to_one,0.0993034472294151,0.0993034472294151,0.0993034472294151,True,True,1,0.0112270466552647,FANCM
M40,FN1_3,FN1,FN1,strict_symbol_concordant_one_to_one,-0.0529939948407113,-0.0529939948407113,0.0529939948407113,True,True,1,-0.0059913937443784,FN1
M40,GAREM2_3,GAREM2,GAREM2,strict_symbol_concordant_one_to_one,0.0477266189578909,0.0477266189578909,0.0477266189578909,True,True,1,0.0053958748934504,GAREM2
M40,GAS6_3,GAS6,GAS6,strict_symbol_concordant_one_to_one,-0.0603217464757139,-0.0603217464757139,0.0603217464757139,True,True,1,-0.0068198545056076,GAS6
M40,GPRC5C_3,GPRC5C,GPRC5C,strict_symbol_concordant_one_to_one,0.0331438260764811,0.0331438260764811,0.0331438260764811,True,True,1,0.0037471738602888,GPRC5C
M40,GTSE1_3,GTSE1,GTSE1,strict_symbol_concordant_one_to_one,0.1046948392623925,0.1046948392623925,0.1046948392623925,True,True,1,0.0118365865209979,GTSE1
M40,HELLS_3,HELLS,HELLS,strict_symbol_concordant_one_to_one,0.0974530552804082,0.0974530552804082,0.0974530552804082,True,True,1,0.0110178450885353,HELLS
M40,HSP90AA1_3,HSP90AA1,HSP90AA1,strict_symbol_concordant_one_to_one,0.0685722304647132,0.0685722304647132,0.0685722304647132,True,True,1,0.0077526375182558,HSP90AA1
M40,HSPH1_3,HSPH1,HSPH1,strict_symbol_concordant_one_to_one,0.0558958510966223,0.0558958510966223,0.0558958510966223,True,True,1,0.0063194717364416,HSPH1
M40,IFITM5_3,IFITM5,IFITM5,strict_symbol_concordant_one_to_one,0.0323007301226845,0.0323007301226845,0.0323007301226845,True,True,1,0.0036518551390135,IFITM5
M40,ITGBL1_3,ITGBL1,ITGBL1,strict_symbol_concordant_one_to_one,-0.0691572518457842,-0.0691572518457842,0.0691572518457842,True,True,1,-0.0078187788509372,ITGBL1
M40,KIF15_3,KIF15,KIF15,strict_symbol_concordant_one_to_one,0.0940305190143322,0.0940305190143322,0.0940305190143322,True,True,1,0.0106309000688947,KIF15
M40,KIF18B_3,KIF18B,KIF18B,strict_symbol_concordant_one_to_one,0.1038694045004842,0.1038694045004842,0.1038694045004842,True,True,1,0.0117432645383138,KIF18B
M40,KIF22_3,KIF22,KIF22,strict_symbol_concordant_one_to_one,0.1077163625087104,0.1077163625087104,0.1077163625087104,True,True,1,0.0121781938206721,KIF22
M40,KIF23_3,KIF23,KIF23,strict_symbol_concordant_one_to_one,0.1025598231153888,0.1025598231153888,0.1025598231153888,True,True,1,0.0115952059188042,KIF23
M40,KIF4A_3,KIF4A,KIF4A,strict_symbol_concordant_one_to_one,0.1036849935749224,0.1036849935749224,0.1036849935749224,True,True,1,0.0117224154125,KIF4A
M40,LGR4_3,LGR4,LGR4,strict_symbol_concordant_one_to_one,0.0383649079877684,0.0383649079877684,0.0383649079877684,True,True,1,0.00433745880854,LGR4
M40,LHX2_3,LHX2,LHX2,strict_symbol_concordant_one_to_one,0.0662395958747118,0.0662395958747118,0.0662395958747118,True,True,1,0.0074889145750721,LHX2
M40,LIMS2_3,LIMS2,LIMS2,strict_symbol_concordant_one_to_one,-0.0660354797522659,-0.0660354797522659,0.0660354797522659,True,True,1,-0.0074658376196015,LIMS2
M40,MACROH2A2_3,MACROH2A2,MACROH2A2,strict_symbol_concordant_one_to_one,0.074742023049038,0.074742023049038,0.074742023049038,True,True,1,0.008450181774071,MACROH2A2
M40,MAP1LC3C_3,MAP1LC3C,MAP1LC3C,strict_symbol_concordant_one_to_one,-0.0663473112250084,-0.0663473112250084,0.0663473112250084,True,True,1,-0.0075010926544541,MAP1LC3C
M40,MCM2_3,MCM2,MCM2,strict_symbol_concordant_one_to_one,0.0995103824814667,0.0995103824814667,0.0995103824814667,True,True,1,0.0112504423358199,MCM2
M40,MCM5_3,MCM5,MCM5,strict_symbol_concordant_one_to_one,0.0992996621097692,0.0992996621097692,0.0992996621097692,True,True,1,0.0112266187173024,MCM5
M40,MEX3A_3,MEX3A,MEX3A,strict_symbol_concordant_one_to_one,0.0663309067001227,0.0663309067001227,0.0663309067001227,True,True,1,0.0074992379920896,MEX3A
M40,MIS18A_3,MIS18A,MIS18A,strict_symbol_concordant_one_to_one,0.1027588953244507,0.1027588953244507,0.1027588953244507,True,True,1,0.0116177126196415,MIS18A
M40,MSI1_3,MSI1,MSI1,strict_symbol_concordant_one_to_one,0.0396941646878837,0.0396941646878837,0.0396941646878837,True,True,1,0.0044877418793234,MSI1
M40,MTFR2_3,MTFR2,MTFR2,strict_symbol_concordant_one_to_one,0.1005354254637019,0.1005354254637019,0.1005354254637019,True,True,1,0.0113663316196896,MTFR2
M40,MXRA5_3,MXRA5,MXRA5,strict_symbol_concordant_one_to_one,-0.039513208716628,-0.039513208716628,0.039513208716628,True,True,1,-0.0044672833636473,MXRA5
M40,MYBL2_3,MYBL2,MYBL2,strict_symbol_concordant_one_to_one,0.1041204659402498,0.1041204659402498,0.1041204659402498,True,True,1,0.0117716490362967,MYBL2
M40,MYOF_3,MYOF,MYOF,strict_symbol_concordant_one_to_one,-0.054401665449972,-0.054401665449972,0.054401665449972,True,True,1,-0.0061505421329424,MYOF
M40,NCAPG_3,NCAPG,NCAPG,strict_symbol_concordant_one_to_one,0.1049393112364354,0.1049393112364354,0.1049393112364354,True,True,1,0.0118642260273299,NCAPG
M40,NDUFB9_3,NDUFB9,NDUFB9,strict_symbol_concordant_one_to_one,0.0504737577972878,0.0504737577972878,0.0504737577972878,True,True,1,0.0057064608477038,NDUFB9
M40,NIBAN1_3,NIBAN1,NIBAN1,strict_symbol_concordant_one_to_one,-0.0655626460490474,-0.0655626460490474,0.0655626460490474,True,True,1,-0.0074123799985992,NIBAN1
M40,NMRAL1_3,NMRAL1,NMRAL1,strict_symbol_concordant_one_to_one,0.0933106347422463,0.0933106347422463,0.0933106347422463,True,True,1,0.0105495114108511,NMRAL1
M40,NSMCE2_3,NSMCE2,NSMCE2,strict_symbol_concordant_one_to_one,0.0696088962134618,0.0696088962134618,0.0696088962134618,True,True,1,0.0078698408485715,NSMCE2
M40,ORC1_3,ORC1,ORC1,strict_symbol_concordant_one_to_one,0.1061563924796343,0.1061563924796343,0.1061563924796343,True,True,1,0.0120018267681086,ORC1
M40,ORC6_3,ORC6,ORC6,strict_symbol_concordant_one_to_one,0.1030528819520424,0.1030528819520424,0.1030528819520424,True,True,1,0.011650950152437,ORC6
M40,PLK4_3,PLK4,PLK4,strict_symbol_concordant_one_to_one,0.0940995026305532,0.0940995026305532,0.0940995026305532,True,True,1,0.0106386992168535,PLK4
M40,POLE_3,POLE,POLE,strict_symbol_concordant_one_to_one,0.1028356164526888,0.1028356164526888,0.1028356164526888,True,True,1,0.0116263865550405,POLE
M40,POLE2_3,POLE2,POLE2,strict_symbol_concordant_one_to_one,0.094795966660785,0.094795966660785,0.094795966660785,True,True,1,0.0107174400297788,POLE2
M40,POLQ_3,POLQ,POLQ,strict_symbol_concordant_one_to_one,0.0887894189512986,0.0887894189512986,0.0887894189512986,True,True,1,0.0100383519089436,POLQ
M40,RAB30_3,RAB30,RAB30,strict_symbol_concordant_one_to_one,-0.058543598362329,-0.058543598362329,0.058543598362329,True,True,1,-0.0066188206806405,RAB30
M40,RCOR2_3,RCOR2,RCOR2,strict_symbol_concordant_one_to_one,0.0669032695532991,0.0669032695532991,0.0669032695532991,True,True,1,0.0075639481772406,RCOR2
M40,RECQL4_3,RECQL4,RECQL4,strict_symbol_concordant_one_to_one,0.0913209009568468,0.0913209009568468,0.0913209009568468,True,True,1,0.010324556138265,RECQL4
M40,RELN_3,RELN,RELN,strict_symbol_concordant_one_to_one,-0.0380354862506634,-0.0380354862506634,0.0380354862506634,True,True,1,-0.0043002150540186,RELN
M40,REXO5_3,REXO5,REXO5,strict_symbol_concordant_one_to_one,0.0989621471555763,0.0989621471555763,0.0989621471555763,True,True,1,0.0111884599600458,REXO5
M40,RRM2_3,RRM2,RRM2,strict_symbol_concordant_one_to_one,0.0877466283776931,0.0877466283776931,0.0877466283776931,True,True,1,0.0099204561183323,RRM2
M40,SCML2_3,SCML2,SCML2,strict_symbol_concordant_one_to_one,0.0777627800673374,0.0777627800673374,0.0777627800673374,True,True,1,0.008791702445557,SCML2
M40,SFRP4_3,SFRP4,SFRP4,strict_symbol_concordant_one_to_one,-0.0610878357534643,-0.0610878357534643,0.0610878357534643,True,True,1,-0.0069064670080269,SFRP4
M40,SH3D19_3,SH3D19,SH3D19,strict_symbol_concordant_one_to_one,-0.0624090229162989,-0.0624090229162989,0.0624090229162989,True,True,1,-0.0070558377532661,SH3D19
M40,SIM2_3,SIM2,SIM2,strict_symbol_concordant_one_to_one,0.0534732726760469,0.0534732726760469,0.0534732726760469,True,True,1,0.0060455799259085,SIM2
M40,SIVA1_3,SIVA1,SIVA1,strict_symbol_concordant_one_to_one,0.0650581693104232,0.0650581693104232,0.0650581693104232,True,True,1,0.0073553448800907,SIVA1
M40,SKA3_3,SKA3,SKA3,strict_symbol_concordant_one_to_one,0.0914539437630762,0.0914539437630762,0.0914539437630762,True,True,1,0.0103395976885269,SKA3
M40,SLC13A5_3,SLC13A5,SLC13A5,strict_symbol_concordant_one_to_one,0.0467200407567484,0.0467200407567484,0.0467200407567484,True,True,1,0.0052820732003401,SLC13A5
M40,SMO_3,SMO,SMO,strict_symbol_concordant_one_to_one,0.0566956508584914,0.0566956508584914,0.0566956508584914,True,True,1,0.006409895477932,SMO
M40,SPAG5_3,SPAG5,SPAG5,strict_symbol_concordant_one_to_one,0.1026921847744105,0.1026921847744105,0.1026921847744105,True,True,1,0.0116101704599421,SPAG5
M40,SPC25_3,SPC25,SPC25,strict_symbol_concordant_one_to_one,0.0991948561551329,0.0991948561551329,0.0991948561551329,True,True,1,0.0112147695683022,SPC25
M40,ST6GALNAC3_3,ST6GALNAC3,ST6GALNAC3,strict_symbol_concordant_one_to_one,0.0593138806763532,0.0593138806763532,0.0593138806763532,True,True,1,0.0067059072392501,ST6GALNAC3
M40,ST8SIA5_3,ST8SIA5,ST8SIA5,strict_symbol_concordant_one_to_one,0.0507884733156357,0.0507884733156357,0.0507884733156357,True,True,1,0.0057420419469124,ST8SIA5
M40,STUM_3,STUM,STUM,strict_symbol_concordant_one_to_one,0.0500625003640671,0.0500625003640671,0.0500625003640671,True,True,1,0.0056599649150961,STUM
M40,SULT1C4_3,SULT1C4,SULT1C4,strict_symbol_concordant_one_to_one,-0.047299530529662,-0.047299530529662,0.047299530529662,True,True,1,-0.0053475891406047,SULT1C4
M40,TK1_3,TK1,TK1,strict_symbol_concordant_one_to_one,0.0983356829922825,0.0983356829922825,0.0983356829922825,True,True,1,0.0111176331903275,TK1
M40,TONSL_3,TONSL,TONSL,strict_symbol_concordant_one_to_one,0.0918029174118277,0.0918029174118277,0.0918029174118277,True,True,1,0.0103790519425866,TONSL
M40,TOP2A_3,TOP2A,TOP2A,strict_symbol_concordant_one_to_one,0.104403188867331,0.104403188867331,0.104403188867331,True,True,1,0.0118036131179214,TOP2A
M40,TRIB3_3,TRIB3,TRIB3,strict_symbol_concordant_one_to_one,0.0626032826294081,0.0626032826294081,0.0626032826294081,True,True,1,0.0070778003630562,TRIB3
M40,TRIP13_3,TRIP13,TRIP13,strict_symbol_concordant_one_to_one,0.0921783881781257,0.0921783881781257,0.0921783881781257,True,True,1,0.0104215019070997,TRIP13
M40,TSPAN33_3,TSPAN33,TSPAN33,strict_symbol_concordant_one_to_one,0.061818387852676,0.061818387852676,0.061818387852676,True,True,1,0.006989061749003,TSPAN33
M40,TYMS_3,TYMS,TYMS,strict_symbol_concordant_one_to_one,0.0915970868902233,0.0915970868902233,0.0915970868902233,True,True,1,0.0103557811606188,TYMS
M40,UBE2S_3,UBE2S,UBE2S,strict_symbol_concordant_one_to_one,0.0938256212191065,0.0938256212191065,0.0938256212191065,True,True,1,0.0106077347390824,UBE2S
M40,UBE2T_3,UBE2T,UBE2T,strict_symbol_concordant_one_to_one,0.1023272447107183,0.1023272447107183,0.1023272447107183,True,True,1,0.0115689110753411,UBE2T
M40,UHRF1_3,UHRF1,UHRF1,strict_symbol_concordant_one_to_one,0.0975950046267864,0.0975950046267864,0.0975950046267864,True,True,1,0.0110338935941908,UHRF1
M11,ADAMTS1_3,ADAMTS1,ADAMTS1,strict_symbol_concordant_one_to_one,0.3586103080948711,0.3586103080948711,0.3586103080948711,True,True,1,0.1447397742542075,ADAMTS1
M11,ADAMTS4_3,ADAMTS4,ADAMTS4,strict_symbol_concordant_one_to_one,0.355362764730042,0.355362764730042,0.355362764730042,True,True,1,0.1434290236067895,ADAMTS4
M11,ANGPT2_3,ANGPT2,ANGPT2,strict_symbol_concordant_one_to_one,0.3223309477092098,0.3223309477092098,0.3223309477092098,True,True,1,0.1300969535829219,ANGPT2
M11,DRD1_3,DRD1,DRD1,strict_symbol_concordant_one_to_one,0.2832379650829795,0.2832379650829795,0.2832379650829795,True,True,1,0.1143185184612318,DRD1
M11,IGFBP3_3,IGFBP3,IGFBP3,strict_symbol_concordant_one_to_one,0.4110996652244612,0.4110996652244612,0.4110996652244612,True,True,1,0.1659251599784668,IGFBP3
M11,MCAM_3,MCAM,MCAM,strict_symbol_concordant_one_to_one,0.3739169431489546,0.3739169431489546,0.3739169431489546,True,True,1,0.150917730805678,MCAM
M11,STC1_3,STC1,STC1,strict_symbol_concordant_one_to_one,0.3730624327290713,0.3730624327290713,0.3730624327290713,True,True,1,0.1505728393107044,STC1
M24,CHST2_3,CHST2,CHST2,strict_symbol_concordant_one_to_one,0.3259893162878125,0.3259893162878125,0.3259893162878125,True,True,1,0.1236661251094051,CHST2
M24,GABRA2_3,GABRA2,GABRA2,strict_symbol_concordant_one_to_one,0.3852805725917257,0.3852805725917257,0.3852805725917257,True,True,1,0.1461586411325373,GABRA2
M24,HHIP_3,HHIP,HHIP,strict_symbol_concordant_one_to_one,0.3979603365268194,0.3979603365268194,0.3979603365268194,True,True,1,0.1509687904067871,HHIP
M24,NETO1_3,NETO1,NETO1,strict_symbol_concordant_one_to_one,0.4228145410292093,0.4228145410292093,0.4228145410292093,True,True,1,0.1603973913145961,NETO1
M24,NR2F1_3,NR2F1,NR2F1,strict_symbol_concordant_one_to_one,0.340405330369038,0.340405330369038,0.340405330369038,True,True,1,0.1291349319440861,NR2F1
M24,OSR2_3,OSR2,OSR2,strict_symbol_concordant_one_to_one,0.3626675654866067,0.3626675654866067,0.3626675654866067,True,True,1,0.1375802527435984,OSR2
M24,RYR2_3,RYR2,RYR2,strict_symbol_concordant_one_to_one,0.4009260885695502,0.4009260885695502,0.4009260885695502,True,True,1,0.1520938673489898,RYR2
