scenario_id,model,threshold_delta_uno_c,scenario_rate,replicates
CORE_0000,A2,-0.01,0.28,200
CORE_0000,A2,-0.02,0.24,200
CORE_0000,A2,-0.03,0.195,200
CORE_0000,A2,-0.04,0.17,200
CORE_0000,A2,-0.05,0.15,200
CORE_0000,A2,-0.06,0.135,200
CORE_0000,A3,-0.01,0.01,200
CORE_0000,A3,-0.02,0.01,200
CORE_0000,A3,-0.03,0.005,200
CORE_0000,A3,-0.04,0.005,200
CORE_0000,A3,-0.05,0,200
CORE_0000,A3,-0.06,0,200
CORE_0001,A2,-0.01,0.26,200
CORE_0001,A2,-0.02,0.225,200
CORE_0001,A2,-0.03,0.2,200
CORE_0001,A2,-0.04,0.16,200
CORE_0001,A2,-0.05,0.13,200
CORE_0001,A2,-0.06,0.105,200
CORE_0001,A3,-0.01,0.015,200
CORE_0001,A3,-0.02,0.01,200
CORE_0001,A3,-0.03,0.005,200
CORE_0001,A3,-0.04,0.005,200
CORE_0001,A3,-0.05,0,200
CORE_0001,A3,-0.06,0,200
CORE_0002,A2,-0.01,0.42,200
CORE_0002,A2,-0.02,0.34,200
CORE_0002,A2,-0.03,0.225,200
CORE_0002,A2,-0.04,0.17,200
CORE_0002,A2,-0.05,0.115,200
CORE_0002,A2,-0.06,0.075,200
CORE_0002,A3,-0.01,0.08,200
CORE_0002,A3,-0.02,0.04,200
CORE_0002,A3,-0.03,0.02,200
CORE_0002,A3,-0.04,0.015,200
CORE_0002,A3,-0.05,0,200
CORE_0002,A3,-0.06,0,200
CORE_0003,A2,-0.01,0.435,200
CORE_0003,A2,-0.02,0.345,200
CORE_0003,A2,-0.03,0.235,200
CORE_0003,A2,-0.04,0.185,200
CORE_0003,A2,-0.05,0.145,200
CORE_0003,A2,-0.06,0.105,200
CORE_0003,A3,-0.01,0.42,200
CORE_0003,A3,-0.02,0.25,200
CORE_0003,A3,-0.03,0.155,200
CORE_0003,A3,-0.04,0.11,200
CORE_0003,A3,-0.05,0.07,200
CORE_0003,A3,-0.06,0.04,200
CORE_0004,A2,-0.01,0.4,200
CORE_0004,A2,-0.02,0.37,200
CORE_0004,A2,-0.03,0.3,200
CORE_0004,A2,-0.04,0.255,200
CORE_0004,A2,-0.05,0.235,200
CORE_0004,A2,-0.06,0.185,200
CORE_0004,A3,-0.01,0.94,200
CORE_0004,A3,-0.02,0.875,200
CORE_0004,A3,-0.03,0.8,200
CORE_0004,A3,-0.04,0.675,200
CORE_0004,A3,-0.05,0.595,200
CORE_0004,A3,-0.06,0.485,200
CORE_0005,A2,-0.01,0.225,200
CORE_0005,A2,-0.02,0.18,200
CORE_0005,A2,-0.03,0.16,200
CORE_0005,A2,-0.04,0.15,200
CORE_0005,A2,-0.05,0.13,200
CORE_0005,A2,-0.06,0.105,200
CORE_0005,A3,-0.01,0.985,200
CORE_0005,A3,-0.02,0.975,200
CORE_0005,A3,-0.03,0.96,200
CORE_0005,A3,-0.04,0.945,200
CORE_0005,A3,-0.05,0.915,200
CORE_0005,A3,-0.06,0.87,200
CORE_0006,A2,-0.01,0.125,200
CORE_0006,A2,-0.02,0.12,200
CORE_0006,A2,-0.03,0.095,200
CORE_0006,A2,-0.04,0.075,200
CORE_0006,A2,-0.05,0.06,200
CORE_0006,A2,-0.06,0.05,200
CORE_0006,A3,-0.01,0.015,200
CORE_0006,A3,-0.02,0.005,200
CORE_0006,A3,-0.03,0,200
CORE_0006,A3,-0.04,0,200
CORE_0006,A3,-0.05,0,200
CORE_0006,A3,-0.06,0,200
CORE_0007,A2,-0.01,0.25,200
CORE_0007,A2,-0.02,0.18,200
CORE_0007,A2,-0.03,0.135,200
CORE_0007,A2,-0.04,0.09,200
CORE_0007,A2,-0.05,0.07,200
CORE_0007,A2,-0.06,0.05,200
CORE_0007,A3,-0.01,0.015,200
CORE_0007,A3,-0.02,0.015,200
CORE_0007,A3,-0.03,0.005,200
CORE_0007,A3,-0.04,0.005,200
CORE_0007,A3,-0.05,0,200
CORE_0007,A3,-0.06,0,200
CORE_0008,A2,-0.01,0.43,200
CORE_0008,A2,-0.02,0.3,200
CORE_0008,A2,-0.03,0.225,200
CORE_0008,A2,-0.04,0.16,200
CORE_0008,A2,-0.05,0.085,200
CORE_0008,A2,-0.06,0.06,200
CORE_0008,A3,-0.01,0.075,200
CORE_0008,A3,-0.02,0.03,200
CORE_0008,A3,-0.03,0.02,200
CORE_0008,A3,-0.04,0.015,200
CORE_0008,A3,-0.05,0.005,200
CORE_0008,A3,-0.06,0,200
CORE_0009,A2,-0.01,0.445,200
CORE_0009,A2,-0.02,0.325,200
CORE_0009,A2,-0.03,0.255,200
CORE_0009,A2,-0.04,0.18,200
CORE_0009,A2,-0.05,0.135,200
CORE_0009,A2,-0.06,0.085,200
CORE_0009,A3,-0.01,0.425,200
CORE_0009,A3,-0.02,0.31,200
CORE_0009,A3,-0.03,0.185,200
CORE_0009,A3,-0.04,0.075,200
CORE_0009,A3,-0.05,0.015,200
CORE_0009,A3,-0.06,0.01,200
CORE_0010,A2,-0.01,0.385,200
CORE_0010,A2,-0.02,0.285,200
CORE_0010,A2,-0.03,0.235,200
CORE_0010,A2,-0.04,0.185,200
CORE_0010,A2,-0.05,0.15,200
CORE_0010,A2,-0.06,0.105,200
CORE_0010,A3,-0.01,0.94,200
CORE_0010,A3,-0.02,0.84,200
CORE_0010,A3,-0.03,0.695,200
CORE_0010,A3,-0.04,0.485,200
CORE_0010,A3,-0.05,0.35,200
CORE_0010,A3,-0.06,0.22,200
CORE_0011,A2,-0.01,0.12,200
CORE_0011,A2,-0.02,0.11,200
CORE_0011,A2,-0.03,0.085,200
CORE_0011,A2,-0.04,0.075,200
CORE_0011,A2,-0.05,0.065,200
CORE_0011,A2,-0.06,0.06,200
CORE_0011,A3,-0.01,0.99,200
CORE_0011,A3,-0.02,0.985,200
CORE_0011,A3,-0.03,0.965,200
CORE_0011,A3,-0.04,0.925,200
CORE_0011,A3,-0.05,0.84,200
CORE_0011,A3,-0.06,0.7,200
CORE_0012,A2,-0.01,0.115,200
CORE_0012,A2,-0.02,0.09,200
CORE_0012,A2,-0.03,0.07,200
CORE_0012,A2,-0.04,0.07,200
CORE_0012,A2,-0.05,0.045,200
CORE_0012,A2,-0.06,0.035,200
CORE_0012,A3,-0.01,0.035,200
CORE_0012,A3,-0.02,0.015,200
CORE_0012,A3,-0.03,0.005,200
CORE_0012,A3,-0.04,0,200
CORE_0012,A3,-0.05,0,200
CORE_0012,A3,-0.06,0,200
CORE_0013,A2,-0.01,0.205,200
CORE_0013,A2,-0.02,0.165,200
CORE_0013,A2,-0.03,0.125,200
CORE_0013,A2,-0.04,0.11,200
CORE_0013,A2,-0.05,0.09,200
CORE_0013,A2,-0.06,0.06,200
CORE_0013,A3,-0.01,0.03,200
CORE_0013,A3,-0.02,0.015,200
CORE_0013,A3,-0.03,0.01,200
CORE_0013,A3,-0.04,0,200
CORE_0013,A3,-0.05,0,200
CORE_0013,A3,-0.06,0,200
CORE_0014,A2,-0.01,0.4,200
CORE_0014,A2,-0.02,0.335,200
CORE_0014,A2,-0.03,0.245,200
CORE_0014,A2,-0.04,0.135,200
CORE_0014,A2,-0.05,0.07,200
CORE_0014,A2,-0.06,0.035,200
CORE_0014,A3,-0.01,0.125,200
CORE_0014,A3,-0.02,0.05,200
CORE_0014,A3,-0.03,0.02,200
CORE_0014,A3,-0.04,0.01,200
CORE_0014,A3,-0.05,0,200
CORE_0014,A3,-0.06,0,200
CORE_0015,A2,-0.01,0.54,200
CORE_0015,A2,-0.02,0.385,200
CORE_0015,A2,-0.03,0.29,200
CORE_0015,A2,-0.04,0.215,200
CORE_0015,A2,-0.05,0.145,200
CORE_0015,A2,-0.06,0.095,200
CORE_0015,A3,-0.01,0.42,200
CORE_0015,A3,-0.02,0.255,200
CORE_0015,A3,-0.03,0.17,200
CORE_0015,A3,-0.04,0.095,200
CORE_0015,A3,-0.05,0.045,200
CORE_0015,A3,-0.06,0.015,200
CORE_0016,A2,-0.01,0.415,200
CORE_0016,A2,-0.02,0.355,200
CORE_0016,A2,-0.03,0.26,200
CORE_0016,A2,-0.04,0.175,200
CORE_0016,A2,-0.05,0.125,200
CORE_0016,A2,-0.06,0.09,200
CORE_0016,A3,-0.01,0.895,200
CORE_0016,A3,-0.02,0.81,200
CORE_0016,A3,-0.03,0.66,200
CORE_0016,A3,-0.04,0.455,200
CORE_0016,A3,-0.05,0.305,200
CORE_0016,A3,-0.06,0.165,200
CORE_0017,A2,-0.01,0.08,200
CORE_0017,A2,-0.02,0.065,200
CORE_0017,A2,-0.03,0.045,200
CORE_0017,A2,-0.04,0.045,200
CORE_0017,A2,-0.05,0.03,200
CORE_0017,A2,-0.06,0.025,200
CORE_0017,A3,-0.01,0.99,200
CORE_0017,A3,-0.02,0.95,200
CORE_0017,A3,-0.03,0.895,200
CORE_0017,A3,-0.04,0.77,200
CORE_0017,A3,-0.05,0.66,200
CORE_0017,A3,-0.06,0.535,200
CORE_0018,A2,-0.01,0.085,200
CORE_0018,A2,-0.02,0.065,200
CORE_0018,A2,-0.03,0.04,200
CORE_0018,A2,-0.04,0.03,200
CORE_0018,A2,-0.05,0.02,200
CORE_0018,A2,-0.06,0.015,200
CORE_0018,A3,-0.01,0.06,200
CORE_0018,A3,-0.02,0.03,200
CORE_0018,A3,-0.03,0.025,200
CORE_0018,A3,-0.04,0.015,200
CORE_0018,A3,-0.05,0.01,200
CORE_0018,A3,-0.06,0,200
CORE_0019,A2,-0.01,0.17,200
CORE_0019,A2,-0.02,0.13,200
CORE_0019,A2,-0.03,0.095,200
CORE_0019,A2,-0.04,0.07,200
CORE_0019,A2,-0.05,0.06,200
CORE_0019,A2,-0.06,0.045,200
CORE_0019,A3,-0.01,0.05,200
CORE_0019,A3,-0.02,0.025,200
CORE_0019,A3,-0.03,0.005,200
CORE_0019,A3,-0.04,0,200
CORE_0019,A3,-0.05,0,200
CORE_0019,A3,-0.06,0,200
CORE_0020,A2,-0.01,0.38,200
CORE_0020,A2,-0.02,0.29,200
CORE_0020,A2,-0.03,0.22,200
CORE_0020,A2,-0.04,0.155,200
CORE_0020,A2,-0.05,0.11,200
CORE_0020,A2,-0.06,0.05,200
CORE_0020,A3,-0.01,0.105,200
CORE_0020,A3,-0.02,0.06,200
CORE_0020,A3,-0.03,0.03,200
CORE_0020,A3,-0.04,0.005,200
CORE_0020,A3,-0.05,0,200
CORE_0020,A3,-0.06,0,200
CORE_0021,A2,-0.01,0.535,200
CORE_0021,A2,-0.02,0.45,200
CORE_0021,A2,-0.03,0.375,200
CORE_0021,A2,-0.04,0.275,200
CORE_0021,A2,-0.05,0.165,200
CORE_0021,A2,-0.06,0.105,200
CORE_0021,A3,-0.01,0.495,200
CORE_0021,A3,-0.02,0.325,200
CORE_0021,A3,-0.03,0.205,200
CORE_0021,A3,-0.04,0.11,200
CORE_0021,A3,-0.05,0.035,200
CORE_0021,A3,-0.06,0.005,200
CORE_0022,A2,-0.01,0.35,200
CORE_0022,A2,-0.02,0.27,200
CORE_0022,A2,-0.03,0.205,200
CORE_0022,A2,-0.04,0.15,200
CORE_0022,A2,-0.05,0.09,200
CORE_0022,A2,-0.06,0.06,200
CORE_0022,A3,-0.01,0.835,200
CORE_0022,A3,-0.02,0.69,200
CORE_0022,A3,-0.03,0.56,200
CORE_0022,A3,-0.04,0.39,200
CORE_0022,A3,-0.05,0.23,200
CORE_0022,A3,-0.06,0.13,200
CORE_0023,A2,-0.01,0.06,200
CORE_0023,A2,-0.02,0.045,200
CORE_0023,A2,-0.03,0.025,200
CORE_0023,A2,-0.04,0.025,200
CORE_0023,A2,-0.05,0.02,200
CORE_0023,A2,-0.06,0.015,200
CORE_0023,A3,-0.01,0.985,200
CORE_0023,A3,-0.02,0.925,200
CORE_0023,A3,-0.03,0.85,200
CORE_0023,A3,-0.04,0.72,200
CORE_0023,A3,-0.05,0.56,200
CORE_0023,A3,-0.06,0.445,200
CORE_0024,A2,-0.01,0.05,200
CORE_0024,A2,-0.02,0.045,200
CORE_0024,A2,-0.03,0.025,200
CORE_0024,A2,-0.04,0.02,200
CORE_0024,A2,-0.05,0.005,200
CORE_0024,A2,-0.06,0.005,200
CORE_0024,A3,-0.01,0.075,200
CORE_0024,A3,-0.02,0.04,200
CORE_0024,A3,-0.03,0.035,200
CORE_0024,A3,-0.04,0.01,200
CORE_0024,A3,-0.05,0,200
CORE_0024,A3,-0.06,0,200
CORE_0025,A2,-0.01,0.125,200
CORE_0025,A2,-0.02,0.1,200
CORE_0025,A2,-0.03,0.075,200
CORE_0025,A2,-0.04,0.045,200
CORE_0025,A2,-0.05,0.025,200
CORE_0025,A2,-0.06,0.015,200
CORE_0025,A3,-0.01,0.065,200
CORE_0025,A3,-0.02,0.03,200
CORE_0025,A3,-0.03,0.01,200
CORE_0025,A3,-0.04,0.005,200
CORE_0025,A3,-0.05,0.005,200
CORE_0025,A3,-0.06,0,200
CORE_0026,A2,-0.01,0.36,200
CORE_0026,A2,-0.02,0.285,200
CORE_0026,A2,-0.03,0.195,200
CORE_0026,A2,-0.04,0.15,200
CORE_0026,A2,-0.05,0.12,200
CORE_0026,A2,-0.06,0.07,200
CORE_0026,A3,-0.01,0.14,200
CORE_0026,A3,-0.02,0.075,200
CORE_0026,A3,-0.03,0.04,200
CORE_0026,A3,-0.04,0.005,200
CORE_0026,A3,-0.05,0,200
CORE_0026,A3,-0.06,0,200
CORE_0027,A2,-0.01,0.46,200
CORE_0027,A2,-0.02,0.325,200
CORE_0027,A2,-0.03,0.24,200
CORE_0027,A2,-0.04,0.175,200
CORE_0027,A2,-0.05,0.115,200
CORE_0027,A2,-0.06,0.065,200
CORE_0027,A3,-0.01,0.43,200
CORE_0027,A3,-0.02,0.29,200
CORE_0027,A3,-0.03,0.165,200
CORE_0027,A3,-0.04,0.075,200
CORE_0027,A3,-0.05,0.02,200
CORE_0027,A3,-0.06,0.005,200
CORE_0028,A2,-0.01,0.315,200
CORE_0028,A2,-0.02,0.22,200
CORE_0028,A2,-0.03,0.165,200
CORE_0028,A2,-0.04,0.125,200
CORE_0028,A2,-0.05,0.105,200
CORE_0028,A2,-0.06,0.08,200
CORE_0028,A3,-0.01,0.74,200
CORE_0028,A3,-0.02,0.53,200
CORE_0028,A3,-0.03,0.34,200
CORE_0028,A3,-0.04,0.19,200
CORE_0028,A3,-0.05,0.1,200
CORE_0028,A3,-0.06,0.05,200
CORE_0029,A2,-0.01,0.075,200
CORE_0029,A2,-0.02,0.035,200
CORE_0029,A2,-0.03,0.015,200
CORE_0029,A2,-0.04,0.01,200
CORE_0029,A2,-0.05,0.01,200
CORE_0029,A2,-0.06,0.01,200
CORE_0029,A3,-0.01,0.9,200
CORE_0029,A3,-0.02,0.815,200
CORE_0029,A3,-0.03,0.72,200
CORE_0029,A3,-0.04,0.54,200
CORE_0029,A3,-0.05,0.415,200
CORE_0029,A3,-0.06,0.255,200
CORE_0030,A2,-0.01,0.08,200
CORE_0030,A2,-0.02,0.045,200
CORE_0030,A2,-0.03,0.025,200
CORE_0030,A2,-0.04,0.015,200
CORE_0030,A2,-0.05,0.015,200
CORE_0030,A2,-0.06,0.01,200
CORE_0030,A3,-0.01,0.135,200
CORE_0030,A3,-0.02,0.06,200
CORE_0030,A3,-0.03,0.035,200
CORE_0030,A3,-0.04,0.015,200
CORE_0030,A3,-0.05,0.005,200
CORE_0030,A3,-0.06,0,200
CORE_0031,A2,-0.01,0.125,200
CORE_0031,A2,-0.02,0.07,200
CORE_0031,A2,-0.03,0.035,200
CORE_0031,A2,-0.04,0.025,200
CORE_0031,A2,-0.05,0.01,200
CORE_0031,A2,-0.06,0.01,200
CORE_0031,A3,-0.01,0.1,200
CORE_0031,A3,-0.02,0.03,200
CORE_0031,A3,-0.03,0.005,200
CORE_0031,A3,-0.04,0,200
CORE_0031,A3,-0.05,0,200
CORE_0031,A3,-0.06,0,200
CORE_0032,A2,-0.01,0.35,200
CORE_0032,A2,-0.02,0.22,200
CORE_0032,A2,-0.03,0.14,200
CORE_0032,A2,-0.04,0.11,200
CORE_0032,A2,-0.05,0.08,200
CORE_0032,A2,-0.06,0.06,200
CORE_0032,A3,-0.01,0.13,200
CORE_0032,A3,-0.02,0.08,200
CORE_0032,A3,-0.03,0.05,200
CORE_0032,A3,-0.04,0.01,200
CORE_0032,A3,-0.05,0.01,200
CORE_0032,A3,-0.06,0,200
CORE_0033,A2,-0.01,0.49,200
CORE_0033,A2,-0.02,0.355,200
CORE_0033,A2,-0.03,0.255,200
CORE_0033,A2,-0.04,0.175,200
CORE_0033,A2,-0.05,0.085,200
CORE_0033,A2,-0.06,0.06,200
CORE_0033,A3,-0.01,0.405,200
CORE_0033,A3,-0.02,0.26,200
CORE_0033,A3,-0.03,0.13,200
CORE_0033,A3,-0.04,0.075,200
CORE_0033,A3,-0.05,0.03,200
CORE_0033,A3,-0.06,0.01,200
CORE_0034,A2,-0.01,0.215,200
CORE_0034,A2,-0.02,0.16,200
CORE_0034,A2,-0.03,0.13,200
CORE_0034,A2,-0.04,0.11,200
CORE_0034,A2,-0.05,0.075,200
CORE_0034,A2,-0.06,0.05,200
CORE_0034,A3,-0.01,0.64,200
CORE_0034,A3,-0.02,0.39,200
CORE_0034,A3,-0.03,0.2,200
CORE_0034,A3,-0.04,0.1,200
CORE_0034,A3,-0.05,0.05,200
CORE_0034,A3,-0.06,0.025,200
CORE_0035,A2,-0.01,0.045,200
CORE_0035,A2,-0.02,0.02,200
CORE_0035,A2,-0.03,0.02,200
CORE_0035,A2,-0.04,0.005,200
CORE_0035,A2,-0.05,0,200
CORE_0035,A2,-0.06,0,200
CORE_0035,A3,-0.01,0.775,200
CORE_0035,A3,-0.02,0.595,200
CORE_0035,A3,-0.03,0.465,200
CORE_0035,A3,-0.04,0.365,200
CORE_0035,A3,-0.05,0.24,200
CORE_0035,A3,-0.06,0.155,200
STRESS_0036,A2,-0.01,0.36,100
STRESS_0036,A2,-0.02,0.3,100
STRESS_0036,A2,-0.03,0.18,100
STRESS_0036,A2,-0.04,0.15,100
STRESS_0036,A2,-0.05,0.08,100
STRESS_0036,A2,-0.06,0.05,100
STRESS_0036,A3,-0.01,0.1,100
STRESS_0036,A3,-0.02,0.04,100
STRESS_0036,A3,-0.03,0.02,100
STRESS_0036,A3,-0.04,0,100
STRESS_0036,A3,-0.05,0,100
STRESS_0036,A3,-0.06,0,100
STRESS_0037,A2,-0.01,0.43,100
STRESS_0037,A2,-0.02,0.31,100
STRESS_0037,A2,-0.03,0.19,100
STRESS_0037,A2,-0.04,0.13,100
STRESS_0037,A2,-0.05,0.08,100
STRESS_0037,A2,-0.06,0.03,100
STRESS_0037,A3,-0.01,0.1,100
STRESS_0037,A3,-0.02,0.05,100
STRESS_0037,A3,-0.03,0.02,100
STRESS_0037,A3,-0.04,0,100
STRESS_0037,A3,-0.05,0,100
STRESS_0037,A3,-0.06,0,100
STRESS_0038,A2,-0.01,0.46,100
STRESS_0038,A2,-0.02,0.36,100
STRESS_0038,A2,-0.03,0.3,100
STRESS_0038,A2,-0.04,0.2,100
STRESS_0038,A2,-0.05,0.11,100
STRESS_0038,A2,-0.06,0.1,100
STRESS_0038,A3,-0.01,0.12,100
STRESS_0038,A3,-0.02,0.05,100
STRESS_0038,A3,-0.03,0.03,100
STRESS_0038,A3,-0.04,0.01,100
STRESS_0038,A3,-0.05,0.01,100
STRESS_0038,A3,-0.06,0,100
STRESS_0039,A2,-0.01,0.4,100
STRESS_0039,A2,-0.02,0.28,100
STRESS_0039,A2,-0.03,0.21,100
STRESS_0039,A2,-0.04,0.14,100
STRESS_0039,A2,-0.05,0.08,100
STRESS_0039,A2,-0.06,0.06,100
STRESS_0039,A3,-0.01,0.11,100
STRESS_0039,A3,-0.02,0.08,100
STRESS_0039,A3,-0.03,0.04,100
STRESS_0039,A3,-0.04,0,100
STRESS_0039,A3,-0.05,0,100
STRESS_0039,A3,-0.06,0,100
STRESS_0040,A2,-0.01,0.37,100
STRESS_0040,A2,-0.02,0.26,100
STRESS_0040,A2,-0.03,0.16,100
STRESS_0040,A2,-0.04,0.11,100
STRESS_0040,A2,-0.05,0.09,100
STRESS_0040,A2,-0.06,0.06,100
STRESS_0040,A3,-0.01,0.11,100
STRESS_0040,A3,-0.02,0.06,100
STRESS_0040,A3,-0.03,0.02,100
STRESS_0040,A3,-0.04,0,100
STRESS_0040,A3,-0.05,0,100
STRESS_0040,A3,-0.06,0,100
STRESS_0041,A2,-0.01,0.38,100
STRESS_0041,A2,-0.02,0.27,100
STRESS_0041,A2,-0.03,0.22,100
STRESS_0041,A2,-0.04,0.16,100
STRESS_0041,A2,-0.05,0.07,100
STRESS_0041,A2,-0.06,0.04,100
STRESS_0041,A3,-0.01,0.13,100
STRESS_0041,A3,-0.02,0.05,100
STRESS_0041,A3,-0.03,0.02,100
STRESS_0041,A3,-0.04,0,100
STRESS_0041,A3,-0.05,0,100
STRESS_0041,A3,-0.06,0,100
STRESS_0042,A2,-0.01,0.41,100
STRESS_0042,A2,-0.02,0.25,100
STRESS_0042,A2,-0.03,0.14,100
STRESS_0042,A2,-0.04,0.07,100
STRESS_0042,A2,-0.05,0.04,100
STRESS_0042,A2,-0.06,0.02,100
STRESS_0042,A3,-0.01,0.1,100
STRESS_0042,A3,-0.02,0.09,100
STRESS_0042,A3,-0.03,0.03,100
STRESS_0042,A3,-0.04,0.01,100
STRESS_0042,A3,-0.05,0,100
STRESS_0042,A3,-0.06,0,100
STRESS_0043,A2,-0.01,0.43,100
STRESS_0043,A2,-0.02,0.3,100
STRESS_0043,A2,-0.03,0.22,100
STRESS_0043,A2,-0.04,0.17,100
STRESS_0043,A2,-0.05,0.12,100
STRESS_0043,A2,-0.06,0.09,100
STRESS_0043,A3,-0.01,0.1,100
STRESS_0043,A3,-0.02,0.06,100
STRESS_0043,A3,-0.03,0.01,100
STRESS_0043,A3,-0.04,0,100
STRESS_0043,A3,-0.05,0,100
STRESS_0043,A3,-0.06,0,100
STRESS_0044,A2,-0.01,0.43,100
STRESS_0044,A2,-0.02,0.33,100
STRESS_0044,A2,-0.03,0.23,100
STRESS_0044,A2,-0.04,0.14,100
STRESS_0044,A2,-0.05,0.09,100
STRESS_0044,A2,-0.06,0.05,100
STRESS_0044,A3,-0.01,0.07,100
STRESS_0044,A3,-0.02,0.06,100
STRESS_0044,A3,-0.03,0.04,100
STRESS_0044,A3,-0.04,0.03,100
STRESS_0044,A3,-0.05,0.01,100
STRESS_0044,A3,-0.06,0.01,100
STRESS_0045,A2,-0.01,0.49,100
STRESS_0045,A2,-0.02,0.38,100
STRESS_0045,A2,-0.03,0.27,100
STRESS_0045,A2,-0.04,0.14,100
STRESS_0045,A2,-0.05,0.08,100
STRESS_0045,A2,-0.06,0.01,100
STRESS_0045,A3,-0.01,0.09,100
STRESS_0045,A3,-0.02,0.06,100
STRESS_0045,A3,-0.03,0.02,100
STRESS_0045,A3,-0.04,0,100
STRESS_0045,A3,-0.05,0,100
STRESS_0045,A3,-0.06,0,100
STRESS_0046,A2,-0.01,0.44,100
STRESS_0046,A2,-0.02,0.34,100
STRESS_0046,A2,-0.03,0.24,100
STRESS_0046,A2,-0.04,0.19,100
STRESS_0046,A2,-0.05,0.15,100
STRESS_0046,A2,-0.06,0.08,100
STRESS_0046,A3,-0.01,0.28,100
STRESS_0046,A3,-0.02,0.21,100
STRESS_0046,A3,-0.03,0.1,100
STRESS_0046,A3,-0.04,0.07,100
STRESS_0046,A3,-0.05,0.03,100
STRESS_0046,A3,-0.06,0.03,100
STRESS_0047,A2,-0.01,0.43,100
STRESS_0047,A2,-0.02,0.33,100
STRESS_0047,A2,-0.03,0.19,100
STRESS_0047,A2,-0.04,0.13,100
STRESS_0047,A2,-0.05,0.06,100
STRESS_0047,A2,-0.06,0.05,100
STRESS_0047,A3,-0.01,0.42,100
STRESS_0047,A3,-0.02,0.29,100
STRESS_0047,A3,-0.03,0.14,100
STRESS_0047,A3,-0.04,0.11,100
STRESS_0047,A3,-0.05,0.06,100
STRESS_0047,A3,-0.06,0.03,100
STRESS_0048,A2,-0.01,0.37,100
STRESS_0048,A2,-0.02,0.25,100
STRESS_0048,A2,-0.03,0.15,100
STRESS_0048,A2,-0.04,0.06,100
STRESS_0048,A2,-0.05,0.04,100
STRESS_0048,A2,-0.06,0.02,100
STRESS_0048,A3,-0.01,0.05,100
STRESS_0048,A3,-0.02,0.04,100
STRESS_0048,A3,-0.03,0.02,100
STRESS_0048,A3,-0.04,0.02,100
STRESS_0048,A3,-0.05,0.01,100
STRESS_0048,A3,-0.06,0.01,100
STRESS_0049,A2,-0.01,0.37,100
STRESS_0049,A2,-0.02,0.27,100
STRESS_0049,A2,-0.03,0.21,100
STRESS_0049,A2,-0.04,0.17,100
STRESS_0049,A2,-0.05,0.1,100
STRESS_0049,A2,-0.06,0.09,100
STRESS_0049,A3,-0.01,0.31,100
STRESS_0049,A3,-0.02,0.17,100
STRESS_0049,A3,-0.03,0.07,100
STRESS_0049,A3,-0.04,0.04,100
STRESS_0049,A3,-0.05,0.03,100
STRESS_0049,A3,-0.06,0.03,100
STRESS_0050,A2,-0.01,0.49,100
STRESS_0050,A2,-0.02,0.38,100
STRESS_0050,A2,-0.03,0.28,100
STRESS_0050,A2,-0.04,0.15,100
STRESS_0050,A2,-0.05,0.09,100
STRESS_0050,A2,-0.06,0.06,100
STRESS_0050,A3,-0.01,0.42,100
STRESS_0050,A3,-0.02,0.29,100
STRESS_0050,A3,-0.03,0.17,100
STRESS_0050,A3,-0.04,0.09,100
STRESS_0050,A3,-0.05,0.05,100
STRESS_0050,A3,-0.06,0.02,100
STRESS_0051,A2,-0.01,0.43,100
STRESS_0051,A2,-0.02,0.32,100
STRESS_0051,A2,-0.03,0.22,100
STRESS_0051,A2,-0.04,0.16,100
STRESS_0051,A2,-0.05,0.12,100
STRESS_0051,A2,-0.06,0.04,100
STRESS_0051,A3,-0.01,0.1,100
STRESS_0051,A3,-0.02,0.07,100
STRESS_0051,A3,-0.03,0.04,100
STRESS_0051,A3,-0.04,0.02,100
STRESS_0051,A3,-0.05,0.01,100
STRESS_0051,A3,-0.06,0,100
STRESS_0052,A2,-0.01,0.48,100
STRESS_0052,A2,-0.02,0.36,100
STRESS_0052,A2,-0.03,0.27,100
STRESS_0052,A2,-0.04,0.21,100
STRESS_0052,A2,-0.05,0.14,100
STRESS_0052,A2,-0.06,0.09,100
STRESS_0052,A3,-0.01,0.27,100
STRESS_0052,A3,-0.02,0.16,100
STRESS_0052,A3,-0.03,0.09,100
STRESS_0052,A3,-0.04,0.03,100
STRESS_0052,A3,-0.05,0.01,100
STRESS_0052,A3,-0.06,0.01,100
STRESS_0053,A2,-0.01,0.4,100
STRESS_0053,A2,-0.02,0.25,100
STRESS_0053,A2,-0.03,0.14,100
STRESS_0053,A2,-0.04,0.07,100
STRESS_0053,A2,-0.05,0.05,100
STRESS_0053,A2,-0.06,0.03,100
STRESS_0053,A3,-0.01,0.36,100
STRESS_0053,A3,-0.02,0.31,100
STRESS_0053,A3,-0.03,0.2,100
STRESS_0053,A3,-0.04,0.11,100
STRESS_0053,A3,-0.05,0.08,100
STRESS_0053,A3,-0.06,0.05,100
STRESS_0054,A2,-0.01,0.33,100
STRESS_0054,A2,-0.02,0.25,100
STRESS_0054,A2,-0.03,0.21,100
STRESS_0054,A2,-0.04,0.15,100
STRESS_0054,A2,-0.05,0.14,100
STRESS_0054,A2,-0.06,0.11,100
STRESS_0054,A3,-0.01,1,100
STRESS_0054,A3,-0.02,0.98,100
STRESS_0054,A3,-0.03,0.97,100
STRESS_0054,A3,-0.04,0.96,100
STRESS_0054,A3,-0.05,0.9,100
STRESS_0054,A3,-0.06,0.86,100
STRESS_0055,A2,-0.01,0.22,100
STRESS_0055,A2,-0.02,0.19,100
STRESS_0055,A2,-0.03,0.15,100
STRESS_0055,A2,-0.04,0.14,100
STRESS_0055,A2,-0.05,0.13,100
STRESS_0055,A2,-0.06,0.12,100
STRESS_0055,A3,-0.01,0.99,100
STRESS_0055,A3,-0.02,0.98,100
STRESS_0055,A3,-0.03,0.96,100
STRESS_0055,A3,-0.04,0.93,100
STRESS_0055,A3,-0.05,0.86,100
STRESS_0055,A3,-0.06,0.79,100
STRESS_0056,A2,-0.01,0.16,100
STRESS_0056,A2,-0.02,0.09,100
STRESS_0056,A2,-0.03,0.08,100
STRESS_0056,A2,-0.04,0.08,100
STRESS_0056,A2,-0.05,0.05,100
STRESS_0056,A2,-0.06,0.05,100
STRESS_0056,A3,-0.01,0.99,100
STRESS_0056,A3,-0.02,0.98,100
STRESS_0056,A3,-0.03,0.95,100
STRESS_0056,A3,-0.04,0.92,100
STRESS_0056,A3,-0.05,0.77,100
STRESS_0056,A3,-0.06,0.7,100
STRESS_0057,A2,-0.01,0.27,100
STRESS_0057,A2,-0.02,0.23,100
STRESS_0057,A2,-0.03,0.18,100
STRESS_0057,A2,-0.04,0.12,100
STRESS_0057,A2,-0.05,0.09,100
STRESS_0057,A2,-0.06,0.09,100
STRESS_0057,A3,-0.01,1,100
STRESS_0057,A3,-0.02,1,100
STRESS_0057,A3,-0.03,0.99,100
STRESS_0057,A3,-0.04,0.97,100
STRESS_0057,A3,-0.05,0.95,100
STRESS_0057,A3,-0.06,0.93,100
STRESS_0058,A2,-0.01,0.19,100
STRESS_0058,A2,-0.02,0.15,100
STRESS_0058,A2,-0.03,0.13,100
STRESS_0058,A2,-0.04,0.1,100
STRESS_0058,A2,-0.05,0.08,100
STRESS_0058,A2,-0.06,0.07,100
STRESS_0058,A3,-0.01,1,100
STRESS_0058,A3,-0.02,0.99,100
STRESS_0058,A3,-0.03,0.99,100
STRESS_0058,A3,-0.04,0.94,100
STRESS_0058,A3,-0.05,0.91,100
STRESS_0058,A3,-0.06,0.8,100
STRESS_0059,A2,-0.01,0.16,100
STRESS_0059,A2,-0.02,0.14,100
STRESS_0059,A2,-0.03,0.1,100
STRESS_0059,A2,-0.04,0.07,100
STRESS_0059,A2,-0.05,0.04,100
STRESS_0059,A2,-0.06,0.04,100
STRESS_0059,A3,-0.01,1,100
STRESS_0059,A3,-0.02,0.99,100
STRESS_0059,A3,-0.03,0.96,100
STRESS_0059,A3,-0.04,0.9,100
STRESS_0059,A3,-0.05,0.85,100
STRESS_0059,A3,-0.06,0.73,100
STRESS_0060,A2,-0.01,0.22,100
STRESS_0060,A2,-0.02,0.19,100
STRESS_0060,A2,-0.03,0.13,100
STRESS_0060,A2,-0.04,0.12,100
STRESS_0060,A2,-0.05,0.09,100
STRESS_0060,A2,-0.06,0.09,100
STRESS_0060,A3,-0.01,1,100
STRESS_0060,A3,-0.02,1,100
STRESS_0060,A3,-0.03,0.97,100
STRESS_0060,A3,-0.04,0.96,100
STRESS_0060,A3,-0.05,0.87,100
STRESS_0060,A3,-0.06,0.84,100
STRESS_0061,A2,-0.01,0.18,100
STRESS_0061,A2,-0.02,0.15,100
STRESS_0061,A2,-0.03,0.14,100
STRESS_0061,A2,-0.04,0.09,100
STRESS_0061,A2,-0.05,0.05,100
STRESS_0061,A2,-0.06,0.04,100
STRESS_0061,A3,-0.01,0.96,100
STRESS_0061,A3,-0.02,0.94,100
STRESS_0061,A3,-0.03,0.94,100
STRESS_0061,A3,-0.04,0.91,100
STRESS_0061,A3,-0.05,0.88,100
STRESS_0061,A3,-0.06,0.8,100
STRESS_0062,A2,-0.01,0.18,100
STRESS_0062,A2,-0.02,0.12,100
STRESS_0062,A2,-0.03,0.09,100
STRESS_0062,A2,-0.04,0.06,100
STRESS_0062,A2,-0.05,0.05,100
STRESS_0062,A2,-0.06,0.04,100
STRESS_0062,A3,-0.01,0.97,100
STRESS_0062,A3,-0.02,0.96,100
STRESS_0062,A3,-0.03,0.94,100
STRESS_0062,A3,-0.04,0.94,100
STRESS_0062,A3,-0.05,0.87,100
STRESS_0062,A3,-0.06,0.75,100
STRESS_0063,A2,-0.01,0.2,100
STRESS_0063,A2,-0.02,0.16,100
STRESS_0063,A2,-0.03,0.07,100
STRESS_0063,A2,-0.04,0.03,100
STRESS_0063,A2,-0.05,0.03,100
STRESS_0063,A2,-0.06,0.02,100
STRESS_0063,A3,-0.01,1,100
STRESS_0063,A3,-0.02,1,100
STRESS_0063,A3,-0.03,0.99,100
STRESS_0063,A3,-0.04,0.94,100
STRESS_0063,A3,-0.05,0.9,100
STRESS_0063,A3,-0.06,0.85,100
STRESS_0064,A2,-0.01,0.26,100
STRESS_0064,A2,-0.02,0.19,100
STRESS_0064,A2,-0.03,0.17,100
STRESS_0064,A2,-0.04,0.12,100
STRESS_0064,A2,-0.05,0.08,100
STRESS_0064,A2,-0.06,0.05,100
STRESS_0064,A3,-0.01,1,100
STRESS_0064,A3,-0.02,1,100
STRESS_0064,A3,-0.03,0.99,100
STRESS_0064,A3,-0.04,0.99,100
STRESS_0064,A3,-0.05,0.97,100
STRESS_0064,A3,-0.06,0.93,100
STRESS_0065,A2,-0.01,0.21,100
STRESS_0065,A2,-0.02,0.17,100
STRESS_0065,A2,-0.03,0.1,100
STRESS_0065,A2,-0.04,0.1,100
STRESS_0065,A2,-0.05,0.06,100
STRESS_0065,A2,-0.06,0.06,100
STRESS_0065,A3,-0.01,1,100
STRESS_0065,A3,-0.02,1,100
STRESS_0065,A3,-0.03,1,100
STRESS_0065,A3,-0.04,1,100
STRESS_0065,A3,-0.05,0.97,100
STRESS_0065,A3,-0.06,0.96,100
STRESS_0066,A2,-0.01,0.26,100
STRESS_0066,A2,-0.02,0.21,100
STRESS_0066,A2,-0.03,0.16,100
STRESS_0066,A2,-0.04,0.13,100
STRESS_0066,A2,-0.05,0.11,100
STRESS_0066,A2,-0.06,0.09,100
STRESS_0066,A3,-0.01,0.99,100
STRESS_0066,A3,-0.02,0.99,100
STRESS_0066,A3,-0.03,0.94,100
STRESS_0066,A3,-0.04,0.89,100
STRESS_0066,A3,-0.05,0.87,100
STRESS_0066,A3,-0.06,0.78,100
STRESS_0067,A2,-0.01,0.26,100
STRESS_0067,A2,-0.02,0.19,100
STRESS_0067,A2,-0.03,0.18,100
STRESS_0067,A2,-0.04,0.15,100
STRESS_0067,A2,-0.05,0.11,100
STRESS_0067,A2,-0.06,0.08,100
STRESS_0067,A3,-0.01,1,100
STRESS_0067,A3,-0.02,1,100
STRESS_0067,A3,-0.03,1,100
STRESS_0067,A3,-0.04,0.97,100
STRESS_0067,A3,-0.05,0.96,100
STRESS_0067,A3,-0.06,0.95,100
STRESS_0068,A2,-0.01,0.32,100
STRESS_0068,A2,-0.02,0.26,100
STRESS_0068,A2,-0.03,0.19,100
STRESS_0068,A2,-0.04,0.12,100
STRESS_0068,A2,-0.05,0.07,100
STRESS_0068,A2,-0.06,0.07,100
STRESS_0068,A3,-0.01,1,100
STRESS_0068,A3,-0.02,1,100
STRESS_0068,A3,-0.03,1,100
STRESS_0068,A3,-0.04,0.98,100
STRESS_0068,A3,-0.05,0.97,100
STRESS_0068,A3,-0.06,0.95,100
STRESS_0069,A2,-0.01,0.34,100
STRESS_0069,A2,-0.02,0.29,100
STRESS_0069,A2,-0.03,0.23,100
STRESS_0069,A2,-0.04,0.17,100
STRESS_0069,A2,-0.05,0.13,100
STRESS_0069,A2,-0.06,0.12,100
STRESS_0069,A3,-0.01,0.98,100
STRESS_0069,A3,-0.02,0.93,100
STRESS_0069,A3,-0.03,0.9,100
STRESS_0069,A3,-0.04,0.81,100
STRESS_0069,A3,-0.05,0.7,100
STRESS_0069,A3,-0.06,0.62,100
STRESS_0070,A2,-0.01,0.41,100
STRESS_0070,A2,-0.02,0.32,100
STRESS_0070,A2,-0.03,0.25,100
STRESS_0070,A2,-0.04,0.22,100
STRESS_0070,A2,-0.05,0.17,100
STRESS_0070,A2,-0.06,0.15,100
STRESS_0070,A3,-0.01,1,100
STRESS_0070,A3,-0.02,1,100
STRESS_0070,A3,-0.03,0.99,100
STRESS_0070,A3,-0.04,0.98,100
STRESS_0070,A3,-0.05,0.94,100
STRESS_0070,A3,-0.06,0.9,100
STRESS_0071,A2,-0.01,0.33,100
STRESS_0071,A2,-0.02,0.27,100
STRESS_0071,A2,-0.03,0.23,100
STRESS_0071,A2,-0.04,0.18,100
STRESS_0071,A2,-0.05,0.11,100
STRESS_0071,A2,-0.06,0.09,100
STRESS_0071,A3,-0.01,1,100
STRESS_0071,A3,-0.02,1,100
STRESS_0071,A3,-0.03,0.98,100
STRESS_0071,A3,-0.04,0.98,100
STRESS_0071,A3,-0.05,0.97,100
STRESS_0071,A3,-0.06,0.95,100
STRESS_0072,A2,-0.01,0.44,100
STRESS_0072,A2,-0.02,0.28,100
STRESS_0072,A2,-0.03,0.17,100
STRESS_0072,A2,-0.04,0.1,100
STRESS_0072,A2,-0.05,0.05,100
STRESS_0072,A2,-0.06,0.02,100
STRESS_0072,A3,-0.01,0.14,100
STRESS_0072,A3,-0.02,0.05,100
STRESS_0072,A3,-0.03,0.03,100
STRESS_0072,A3,-0.04,0,100
STRESS_0072,A3,-0.05,0,100
STRESS_0072,A3,-0.06,0,100
STRESS_0073,A2,-0.01,0.43,100
STRESS_0073,A2,-0.02,0.34,100
STRESS_0073,A2,-0.03,0.23,100
STRESS_0073,A2,-0.04,0.14,100
STRESS_0073,A2,-0.05,0.08,100
STRESS_0073,A2,-0.06,0.04,100
STRESS_0073,A3,-0.01,0.13,100
STRESS_0073,A3,-0.02,0.04,100
STRESS_0073,A3,-0.03,0.03,100
STRESS_0073,A3,-0.04,0.01,100
STRESS_0073,A3,-0.05,0,100
STRESS_0073,A3,-0.06,0,100
STRESS_0074,A2,-0.01,0.46,100
STRESS_0074,A2,-0.02,0.38,100
STRESS_0074,A2,-0.03,0.29,100
STRESS_0074,A2,-0.04,0.21,100
STRESS_0074,A2,-0.05,0.17,100
STRESS_0074,A2,-0.06,0.1,100
STRESS_0074,A3,-0.01,0.2,100
STRESS_0074,A3,-0.02,0.12,100
STRESS_0074,A3,-0.03,0.1,100
STRESS_0074,A3,-0.04,0.03,100
STRESS_0074,A3,-0.05,0,100
STRESS_0074,A3,-0.06,0,100
STRESS_0075,A2,-0.01,0.37,100
STRESS_0075,A2,-0.02,0.27,100
STRESS_0075,A2,-0.03,0.22,100
STRESS_0075,A2,-0.04,0.14,100
STRESS_0075,A2,-0.05,0.09,100
STRESS_0075,A2,-0.06,0.03,100
STRESS_0075,A3,-0.01,0.08,100
STRESS_0075,A3,-0.02,0.06,100
STRESS_0075,A3,-0.03,0.01,100
STRESS_0075,A3,-0.04,0,100
STRESS_0075,A3,-0.05,0,100
STRESS_0075,A3,-0.06,0,100
STRESS_0076,A2,-0.01,0.35,100
STRESS_0076,A2,-0.02,0.3,100
STRESS_0076,A2,-0.03,0.16,100
STRESS_0076,A2,-0.04,0.11,100
STRESS_0076,A2,-0.05,0.09,100
STRESS_0076,A2,-0.06,0.05,100
STRESS_0076,A3,-0.01,0.09,100
STRESS_0076,A3,-0.02,0.03,100
STRESS_0076,A3,-0.03,0,100
STRESS_0076,A3,-0.04,0,100
STRESS_0076,A3,-0.05,0,100
STRESS_0076,A3,-0.06,0,100
STRESS_0077,A2,-0.01,0.44,100
STRESS_0077,A2,-0.02,0.32,100
STRESS_0077,A2,-0.03,0.23,100
STRESS_0077,A2,-0.04,0.14,100
STRESS_0077,A2,-0.05,0.09,100
STRESS_0077,A2,-0.06,0.04,100
STRESS_0077,A3,-0.01,0.15,100
STRESS_0077,A3,-0.02,0.08,100
STRESS_0077,A3,-0.03,0.04,100
STRESS_0077,A3,-0.04,0.03,100
STRESS_0077,A3,-0.05,0.02,100
STRESS_0077,A3,-0.06,0.01,100
STRESS_0078,A2,-0.01,0.43,100
STRESS_0078,A2,-0.02,0.31,100
STRESS_0078,A2,-0.03,0.22,100
STRESS_0078,A2,-0.04,0.15,100
STRESS_0078,A2,-0.05,0.07,100
STRESS_0078,A2,-0.06,0.03,100
STRESS_0078,A3,-0.01,0.12,100
STRESS_0078,A3,-0.02,0.05,100
STRESS_0078,A3,-0.03,0.02,100
STRESS_0078,A3,-0.04,0.01,100
STRESS_0078,A3,-0.05,0.01,100
STRESS_0078,A3,-0.06,0.01,100
STRESS_0079,A2,-0.01,0.36,100
STRESS_0079,A2,-0.02,0.27,100
STRESS_0079,A2,-0.03,0.18,100
STRESS_0079,A2,-0.04,0.12,100
STRESS_0079,A2,-0.05,0.09,100
STRESS_0079,A2,-0.06,0.07,100
STRESS_0079,A3,-0.01,0.06,100
STRESS_0079,A3,-0.02,0.02,100
STRESS_0079,A3,-0.03,0,100
STRESS_0079,A3,-0.04,0,100
STRESS_0079,A3,-0.05,0,100
STRESS_0079,A3,-0.06,0,100
STRESS_0080,A2,-0.01,0.25,100
STRESS_0080,A2,-0.02,0.22,100
STRESS_0080,A2,-0.03,0.15,100
STRESS_0080,A2,-0.04,0.1,100
STRESS_0080,A2,-0.05,0.06,100
STRESS_0080,A2,-0.06,0.03,100
STRESS_0080,A3,-0.01,0.09,100
STRESS_0080,A3,-0.02,0.06,100
STRESS_0080,A3,-0.03,0.06,100
STRESS_0080,A3,-0.04,0.01,100
STRESS_0080,A3,-0.05,0,100
STRESS_0080,A3,-0.06,0,100
STRESS_0081,A2,-0.01,0.38,100
STRESS_0081,A2,-0.02,0.32,100
STRESS_0081,A2,-0.03,0.21,100
STRESS_0081,A2,-0.04,0.14,100
STRESS_0081,A2,-0.05,0.09,100
STRESS_0081,A2,-0.06,0.08,100
STRESS_0081,A3,-0.01,0.13,100
STRESS_0081,A3,-0.02,0.09,100
STRESS_0081,A3,-0.03,0.02,100
STRESS_0081,A3,-0.04,0.01,100
STRESS_0081,A3,-0.05,0.01,100
STRESS_0081,A3,-0.06,0,100
STRESS_0082,A2,-0.01,0.37,100
STRESS_0082,A2,-0.02,0.26,100
STRESS_0082,A2,-0.03,0.14,100
STRESS_0082,A2,-0.04,0.08,100
STRESS_0082,A2,-0.05,0.03,100
STRESS_0082,A2,-0.06,0.02,100
STRESS_0082,A3,-0.01,0.16,100
STRESS_0082,A3,-0.02,0.09,100
STRESS_0082,A3,-0.03,0.05,100
STRESS_0082,A3,-0.04,0.03,100
STRESS_0082,A3,-0.05,0.03,100
STRESS_0082,A3,-0.06,0,100
STRESS_0083,A2,-0.01,0.36,100
STRESS_0083,A2,-0.02,0.31,100
STRESS_0083,A2,-0.03,0.21,100
STRESS_0083,A2,-0.04,0.17,100
STRESS_0083,A2,-0.05,0.1,100
STRESS_0083,A2,-0.06,0.09,100
STRESS_0083,A3,-0.01,0.44,100
STRESS_0083,A3,-0.02,0.32,100
STRESS_0083,A3,-0.03,0.24,100
STRESS_0083,A3,-0.04,0.16,100
STRESS_0083,A3,-0.05,0.07,100
STRESS_0083,A3,-0.06,0.03,100
STRESS_0084,A2,-0.01,0.4,100
STRESS_0084,A2,-0.02,0.28,100
STRESS_0084,A2,-0.03,0.21,100
STRESS_0084,A2,-0.04,0.14,100
STRESS_0084,A2,-0.05,0.1,100
STRESS_0084,A2,-0.06,0.04,100
STRESS_0084,A3,-0.01,0.14,100
STRESS_0084,A3,-0.02,0.08,100
STRESS_0084,A3,-0.03,0.04,100
STRESS_0084,A3,-0.04,0.02,100
STRESS_0084,A3,-0.05,0,100
STRESS_0084,A3,-0.06,0,100
STRESS_0085,A2,-0.01,0.37,100
STRESS_0085,A2,-0.02,0.27,100
STRESS_0085,A2,-0.03,0.2,100
STRESS_0085,A2,-0.04,0.19,100
STRESS_0085,A2,-0.05,0.1,100
STRESS_0085,A2,-0.06,0.02,100
STRESS_0085,A3,-0.01,0.24,100
STRESS_0085,A3,-0.02,0.12,100
STRESS_0085,A3,-0.03,0.04,100
STRESS_0085,A3,-0.04,0.04,100
STRESS_0085,A3,-0.05,0.03,100
STRESS_0085,A3,-0.06,0.01,100
STRESS_0086,A2,-0.01,0.39,100
STRESS_0086,A2,-0.02,0.27,100
STRESS_0086,A2,-0.03,0.16,100
STRESS_0086,A2,-0.04,0.06,100
STRESS_0086,A2,-0.05,0.02,100
STRESS_0086,A2,-0.06,0,100
STRESS_0086,A3,-0.01,0.39,100
STRESS_0086,A3,-0.02,0.32,100
STRESS_0086,A3,-0.03,0.22,100
STRESS_0086,A3,-0.04,0.11,100
STRESS_0086,A3,-0.05,0.05,100
STRESS_0086,A3,-0.06,0.02,100
STRESS_0087,A2,-0.01,0.46,100
STRESS_0087,A2,-0.02,0.33,100
STRESS_0087,A2,-0.03,0.19,100
STRESS_0087,A2,-0.04,0.11,100
STRESS_0087,A2,-0.05,0.04,100
STRESS_0087,A2,-0.06,0.02,100
STRESS_0087,A3,-0.01,0.18,100
STRESS_0087,A3,-0.02,0.07,100
STRESS_0087,A3,-0.03,0.04,100
STRESS_0087,A3,-0.04,0.01,100
STRESS_0087,A3,-0.05,0,100
STRESS_0087,A3,-0.06,0,100
STRESS_0088,A2,-0.01,0.47,100
STRESS_0088,A2,-0.02,0.42,100
STRESS_0088,A2,-0.03,0.28,100
STRESS_0088,A2,-0.04,0.16,100
STRESS_0088,A2,-0.05,0.07,100
STRESS_0088,A2,-0.06,0.03,100
STRESS_0088,A3,-0.01,0.3,100
STRESS_0088,A3,-0.02,0.24,100
STRESS_0088,A3,-0.03,0.2,100
STRESS_0088,A3,-0.04,0.13,100
STRESS_0088,A3,-0.05,0.09,100
STRESS_0088,A3,-0.06,0.04,100
STRESS_0089,A2,-0.01,0.39,100
STRESS_0089,A2,-0.02,0.3,100
STRESS_0089,A2,-0.03,0.2,100
STRESS_0089,A2,-0.04,0.11,100
STRESS_0089,A2,-0.05,0.08,100
STRESS_0089,A2,-0.06,0.07,100
STRESS_0089,A3,-0.01,0.36,100
STRESS_0089,A3,-0.02,0.27,100
STRESS_0089,A3,-0.03,0.21,100
STRESS_0089,A3,-0.04,0.14,100
STRESS_0089,A3,-0.05,0.08,100
STRESS_0089,A3,-0.06,0.07,100
STRESS_0090,A2,-0.01,0.13,100
STRESS_0090,A2,-0.02,0.12,100
STRESS_0090,A2,-0.03,0.08,100
STRESS_0090,A2,-0.04,0.05,100
STRESS_0090,A2,-0.05,0.03,100
STRESS_0090,A2,-0.06,0.02,100
STRESS_0090,A3,-0.01,1,100
STRESS_0090,A3,-0.02,0.99,100
STRESS_0090,A3,-0.03,0.96,100
STRESS_0090,A3,-0.04,0.92,100
STRESS_0090,A3,-0.05,0.88,100
STRESS_0090,A3,-0.06,0.78,100
STRESS_0091,A2,-0.01,0.23,100
STRESS_0091,A2,-0.02,0.18,100
STRESS_0091,A2,-0.03,0.15,100
STRESS_0091,A2,-0.04,0.14,100
STRESS_0091,A2,-0.05,0.08,100
STRESS_0091,A2,-0.06,0.04,100
STRESS_0091,A3,-0.01,1,100
STRESS_0091,A3,-0.02,0.99,100
STRESS_0091,A3,-0.03,0.97,100
STRESS_0091,A3,-0.04,0.96,100
STRESS_0091,A3,-0.05,0.89,100
STRESS_0091,A3,-0.06,0.73,100
STRESS_0092,A2,-0.01,0.11,100
STRESS_0092,A2,-0.02,0.07,100
STRESS_0092,A2,-0.03,0.06,100
STRESS_0092,A2,-0.04,0.04,100
STRESS_0092,A2,-0.05,0.02,100
STRESS_0092,A2,-0.06,0,100
STRESS_0092,A3,-0.01,0.99,100
STRESS_0092,A3,-0.02,0.95,100
STRESS_0092,A3,-0.03,0.86,100
STRESS_0092,A3,-0.04,0.74,100
STRESS_0092,A3,-0.05,0.61,100
STRESS_0092,A3,-0.06,0.46,100
STRESS_0093,A2,-0.01,0.16,100
STRESS_0093,A2,-0.02,0.15,100
STRESS_0093,A2,-0.03,0.12,100
STRESS_0093,A2,-0.04,0.11,100
STRESS_0093,A2,-0.05,0.08,100
STRESS_0093,A2,-0.06,0.03,100
STRESS_0093,A3,-0.01,1,100
STRESS_0093,A3,-0.02,1,100
STRESS_0093,A3,-0.03,0.98,100
STRESS_0093,A3,-0.04,0.94,100
STRESS_0093,A3,-0.05,0.91,100
STRESS_0093,A3,-0.06,0.85,100
STRESS_0094,A2,-0.01,0.13,100
STRESS_0094,A2,-0.02,0.1,100
STRESS_0094,A2,-0.03,0.08,100
STRESS_0094,A2,-0.04,0.07,100
STRESS_0094,A2,-0.05,0.06,100
STRESS_0094,A2,-0.06,0.04,100
STRESS_0094,A3,-0.01,0.97,100
STRESS_0094,A3,-0.02,0.96,100
STRESS_0094,A3,-0.03,0.93,100
STRESS_0094,A3,-0.04,0.9,100
STRESS_0094,A3,-0.05,0.83,100
STRESS_0094,A3,-0.06,0.69,100
STRESS_0095,A2,-0.01,0.18,100
STRESS_0095,A2,-0.02,0.14,100
STRESS_0095,A2,-0.03,0.12,100
STRESS_0095,A2,-0.04,0.09,100
STRESS_0095,A2,-0.05,0.06,100
STRESS_0095,A2,-0.06,0.06,100
STRESS_0095,A3,-0.01,0.98,100
STRESS_0095,A3,-0.02,0.92,100
STRESS_0095,A3,-0.03,0.86,100
STRESS_0095,A3,-0.04,0.76,100
STRESS_0095,A3,-0.05,0.71,100
STRESS_0095,A3,-0.06,0.52,100
STRESS_0096,A2,-0.01,0.25,100
STRESS_0096,A2,-0.02,0.19,100
STRESS_0096,A2,-0.03,0.14,100
STRESS_0096,A2,-0.04,0.11,100
STRESS_0096,A2,-0.05,0.1,100
STRESS_0096,A2,-0.06,0.07,100
STRESS_0096,A3,-0.01,0.98,100
STRESS_0096,A3,-0.02,0.98,100
STRESS_0096,A3,-0.03,0.98,100
STRESS_0096,A3,-0.04,0.92,100
STRESS_0096,A3,-0.05,0.83,100
STRESS_0096,A3,-0.06,0.76,100
STRESS_0097,A2,-0.01,0.17,100
STRESS_0097,A2,-0.02,0.15,100
STRESS_0097,A2,-0.03,0.12,100
STRESS_0097,A2,-0.04,0.11,100
STRESS_0097,A2,-0.05,0.1,100
STRESS_0097,A2,-0.06,0.07,100
STRESS_0097,A3,-0.01,0.99,100
STRESS_0097,A3,-0.02,0.97,100
STRESS_0097,A3,-0.03,0.95,100
STRESS_0097,A3,-0.04,0.9,100
STRESS_0097,A3,-0.05,0.76,100
STRESS_0097,A3,-0.06,0.65,100
STRESS_0098,A2,-0.01,0.19,100
STRESS_0098,A2,-0.02,0.13,100
STRESS_0098,A2,-0.03,0.11,100
STRESS_0098,A2,-0.04,0.07,100
STRESS_0098,A2,-0.05,0.05,100
STRESS_0098,A2,-0.06,0.05,100
STRESS_0098,A3,-0.01,0.96,100
STRESS_0098,A3,-0.02,0.91,100
STRESS_0098,A3,-0.03,0.88,100
STRESS_0098,A3,-0.04,0.73,100
STRESS_0098,A3,-0.05,0.61,100
STRESS_0098,A3,-0.06,0.5,100
STRESS_0099,A2,-0.01,0.15,100
STRESS_0099,A2,-0.02,0.12,100
STRESS_0099,A2,-0.03,0.08,100
STRESS_0099,A2,-0.04,0.07,100
STRESS_0099,A2,-0.05,0.05,100
STRESS_0099,A2,-0.06,0.01,100
STRESS_0099,A3,-0.01,0.99,100
STRESS_0099,A3,-0.02,0.98,100
STRESS_0099,A3,-0.03,0.96,100
STRESS_0099,A3,-0.04,0.93,100
STRESS_0099,A3,-0.05,0.85,100
STRESS_0099,A3,-0.06,0.79,100
STRESS_0100,A2,-0.01,0.2,100
STRESS_0100,A2,-0.02,0.13,100
STRESS_0100,A2,-0.03,0.09,100
STRESS_0100,A2,-0.04,0.07,100
STRESS_0100,A2,-0.05,0.05,100
STRESS_0100,A2,-0.06,0.04,100
STRESS_0100,A3,-0.01,1,100
STRESS_0100,A3,-0.02,1,100
STRESS_0100,A3,-0.03,0.99,100
STRESS_0100,A3,-0.04,0.97,100
STRESS_0100,A3,-0.05,0.96,100
STRESS_0100,A3,-0.06,0.93,100
STRESS_0101,A2,-0.01,0.26,100
STRESS_0101,A2,-0.02,0.19,100
STRESS_0101,A2,-0.03,0.15,100
STRESS_0101,A2,-0.04,0.12,100
STRESS_0101,A2,-0.05,0.09,100
STRESS_0101,A2,-0.06,0.07,100
STRESS_0101,A3,-0.01,1,100
STRESS_0101,A3,-0.02,1,100
STRESS_0101,A3,-0.03,1,100
STRESS_0101,A3,-0.04,1,100
STRESS_0101,A3,-0.05,1,100
STRESS_0101,A3,-0.06,0.95,100
STRESS_0102,A2,-0.01,0.24,100
STRESS_0102,A2,-0.02,0.19,100
STRESS_0102,A2,-0.03,0.16,100
STRESS_0102,A2,-0.04,0.08,100
STRESS_0102,A2,-0.05,0.07,100
STRESS_0102,A2,-0.06,0.04,100
STRESS_0102,A3,-0.01,1,100
STRESS_0102,A3,-0.02,0.95,100
STRESS_0102,A3,-0.03,0.9,100
STRESS_0102,A3,-0.04,0.84,100
STRESS_0102,A3,-0.05,0.75,100
STRESS_0102,A3,-0.06,0.6,100
STRESS_0103,A2,-0.01,0.31,100
STRESS_0103,A2,-0.02,0.24,100
STRESS_0103,A2,-0.03,0.21,100
STRESS_0103,A2,-0.04,0.15,100
STRESS_0103,A2,-0.05,0.12,100
STRESS_0103,A2,-0.06,0.09,100
STRESS_0103,A3,-0.01,1,100
STRESS_0103,A3,-0.02,1,100
STRESS_0103,A3,-0.03,0.98,100
STRESS_0103,A3,-0.04,0.95,100
STRESS_0103,A3,-0.05,0.94,100
STRESS_0103,A3,-0.06,0.87,100
STRESS_0104,A2,-0.01,0.24,100
STRESS_0104,A2,-0.02,0.19,100
STRESS_0104,A2,-0.03,0.13,100
STRESS_0104,A2,-0.04,0.11,100
STRESS_0104,A2,-0.05,0.07,100
STRESS_0104,A2,-0.06,0.04,100
STRESS_0104,A3,-0.01,1,100
STRESS_0104,A3,-0.02,1,100
STRESS_0104,A3,-0.03,0.99,100
STRESS_0104,A3,-0.04,0.99,100
STRESS_0104,A3,-0.05,0.98,100
STRESS_0104,A3,-0.06,0.97,100
STRESS_0105,A2,-0.01,0.33,100
STRESS_0105,A2,-0.02,0.26,100
STRESS_0105,A2,-0.03,0.21,100
STRESS_0105,A2,-0.04,0.19,100
STRESS_0105,A2,-0.05,0.14,100
STRESS_0105,A2,-0.06,0.1,100
STRESS_0105,A3,-0.01,0.97,100
STRESS_0105,A3,-0.02,0.92,100
STRESS_0105,A3,-0.03,0.81,100
STRESS_0105,A3,-0.04,0.69,100
STRESS_0105,A3,-0.05,0.63,100
STRESS_0105,A3,-0.06,0.53,100
STRESS_0106,A2,-0.01,0.42,100
STRESS_0106,A2,-0.02,0.35,100
STRESS_0106,A2,-0.03,0.26,100
STRESS_0106,A2,-0.04,0.22,100
STRESS_0106,A2,-0.05,0.16,100
STRESS_0106,A2,-0.06,0.12,100
STRESS_0106,A3,-0.01,0.99,100
STRESS_0106,A3,-0.02,0.99,100
STRESS_0106,A3,-0.03,0.96,100
STRESS_0106,A3,-0.04,0.95,100
STRESS_0106,A3,-0.05,0.89,100
STRESS_0106,A3,-0.06,0.84,100
STRESS_0107,A2,-0.01,0.37,100
STRESS_0107,A2,-0.02,0.27,100
STRESS_0107,A2,-0.03,0.23,100
STRESS_0107,A2,-0.04,0.17,100
STRESS_0107,A2,-0.05,0.13,100
STRESS_0107,A2,-0.06,0.11,100
STRESS_0107,A3,-0.01,0.99,100
STRESS_0107,A3,-0.02,0.98,100
STRESS_0107,A3,-0.03,0.97,100
STRESS_0107,A3,-0.04,0.94,100
STRESS_0107,A3,-0.05,0.94,100
STRESS_0107,A3,-0.06,0.91,100
STRESS_0108,A2,-0.01,0.3,100
STRESS_0108,A2,-0.02,0.22,100
STRESS_0108,A2,-0.03,0.14,100
STRESS_0108,A2,-0.04,0.07,100
STRESS_0108,A2,-0.05,0.06,100
STRESS_0108,A2,-0.06,0.04,100
STRESS_0108,A3,-0.01,0.18,100
STRESS_0108,A3,-0.02,0.08,100
STRESS_0108,A3,-0.03,0.03,100
STRESS_0108,A3,-0.04,0.03,100
STRESS_0108,A3,-0.05,0.01,100
STRESS_0108,A3,-0.06,0.01,100
STRESS_0109,A2,-0.01,0.26,100
STRESS_0109,A2,-0.02,0.21,100
STRESS_0109,A2,-0.03,0.16,100
STRESS_0109,A2,-0.04,0.13,100
STRESS_0109,A2,-0.05,0.07,100
STRESS_0109,A2,-0.06,0.06,100
STRESS_0109,A3,-0.01,0.14,100
STRESS_0109,A3,-0.02,0.08,100
STRESS_0109,A3,-0.03,0.03,100
STRESS_0109,A3,-0.04,0.02,100
STRESS_0109,A3,-0.05,0.02,100
STRESS_0109,A3,-0.06,0.02,100
STRESS_0110,A2,-0.01,0.3,100
STRESS_0110,A2,-0.02,0.22,100
STRESS_0110,A2,-0.03,0.18,100
STRESS_0110,A2,-0.04,0.1,100
STRESS_0110,A2,-0.05,0.05,100
STRESS_0110,A2,-0.06,0.03,100
STRESS_0110,A3,-0.01,0.12,100
STRESS_0110,A3,-0.02,0.06,100
STRESS_0110,A3,-0.03,0.04,100
STRESS_0110,A3,-0.04,0.02,100
STRESS_0110,A3,-0.05,0,100
STRESS_0110,A3,-0.06,0,100
STRESS_0111,A2,-0.01,0.26,100
STRESS_0111,A2,-0.02,0.2,100
STRESS_0111,A2,-0.03,0.17,100
STRESS_0111,A2,-0.04,0.09,100
STRESS_0111,A2,-0.05,0.06,100
STRESS_0111,A2,-0.06,0.05,100
STRESS_0111,A3,-0.01,0.07,100
STRESS_0111,A3,-0.02,0.03,100
STRESS_0111,A3,-0.03,0.01,100
STRESS_0111,A3,-0.04,0,100
STRESS_0111,A3,-0.05,0,100
STRESS_0111,A3,-0.06,0,100
STRESS_0112,A2,-0.01,0.36,100
STRESS_0112,A2,-0.02,0.26,100
STRESS_0112,A2,-0.03,0.18,100
STRESS_0112,A2,-0.04,0.14,100
STRESS_0112,A2,-0.05,0.08,100
STRESS_0112,A2,-0.06,0.06,100
STRESS_0112,A3,-0.01,0.09,100
STRESS_0112,A3,-0.02,0.06,100
STRESS_0112,A3,-0.03,0.03,100
STRESS_0112,A3,-0.04,0.03,100
STRESS_0112,A3,-0.05,0.03,100
STRESS_0112,A3,-0.06,0.01,100
STRESS_0113,A2,-0.01,0.31,100
STRESS_0113,A2,-0.02,0.23,100
STRESS_0113,A2,-0.03,0.16,100
STRESS_0113,A2,-0.04,0.11,100
STRESS_0113,A2,-0.05,0.08,100
STRESS_0113,A2,-0.06,0.03,100
STRESS_0113,A3,-0.01,0.21,100
STRESS_0113,A3,-0.02,0.11,100
STRESS_0113,A3,-0.03,0.05,100
STRESS_0113,A3,-0.04,0.01,100
STRESS_0113,A3,-0.05,0.01,100
STRESS_0113,A3,-0.06,0.01,100
STRESS_0114,A2,-0.01,0.3,100
STRESS_0114,A2,-0.02,0.21,100
STRESS_0114,A2,-0.03,0.14,100
STRESS_0114,A2,-0.04,0.05,100
STRESS_0114,A2,-0.05,0.04,100
STRESS_0114,A2,-0.06,0.02,100
STRESS_0114,A3,-0.01,0.11,100
STRESS_0114,A3,-0.02,0.02,100
STRESS_0114,A3,-0.03,0,100
STRESS_0114,A3,-0.04,0,100
STRESS_0114,A3,-0.05,0,100
STRESS_0114,A3,-0.06,0,100
STRESS_0115,A2,-0.01,0.37,100
STRESS_0115,A2,-0.02,0.23,100
STRESS_0115,A2,-0.03,0.17,100
STRESS_0115,A2,-0.04,0.07,100
STRESS_0115,A2,-0.05,0.04,100
STRESS_0115,A2,-0.06,0.03,100
STRESS_0115,A3,-0.01,0.15,100
STRESS_0115,A3,-0.02,0.06,100
STRESS_0115,A3,-0.03,0,100
STRESS_0115,A3,-0.04,0,100
STRESS_0115,A3,-0.05,0,100
STRESS_0115,A3,-0.06,0,100
STRESS_0116,A2,-0.01,0.41,100
STRESS_0116,A2,-0.02,0.28,100
STRESS_0116,A2,-0.03,0.2,100
STRESS_0116,A2,-0.04,0.12,100
STRESS_0116,A2,-0.05,0.08,100
STRESS_0116,A2,-0.06,0.06,100
STRESS_0116,A3,-0.01,0.16,100
STRESS_0116,A3,-0.02,0.12,100
STRESS_0116,A3,-0.03,0.06,100
STRESS_0116,A3,-0.04,0.02,100
STRESS_0116,A3,-0.05,0,100
STRESS_0116,A3,-0.06,0,100
STRESS_0117,A2,-0.01,0.33,100
STRESS_0117,A2,-0.02,0.23,100
STRESS_0117,A2,-0.03,0.16,100
STRESS_0117,A2,-0.04,0.09,100
STRESS_0117,A2,-0.05,0.05,100
STRESS_0117,A2,-0.06,0.03,100
STRESS_0117,A3,-0.01,0.14,100
STRESS_0117,A3,-0.02,0.1,100
STRESS_0117,A3,-0.03,0.05,100
STRESS_0117,A3,-0.04,0.01,100
STRESS_0117,A3,-0.05,0.01,100
STRESS_0117,A3,-0.06,0,100
STRESS_0118,A2,-0.01,0.38,100
STRESS_0118,A2,-0.02,0.28,100
STRESS_0118,A2,-0.03,0.14,100
STRESS_0118,A2,-0.04,0.1,100
STRESS_0118,A2,-0.05,0.07,100
STRESS_0118,A2,-0.06,0.04,100
STRESS_0118,A3,-0.01,0.24,100
STRESS_0118,A3,-0.02,0.12,100
STRESS_0118,A3,-0.03,0.08,100
STRESS_0118,A3,-0.04,0.03,100
STRESS_0118,A3,-0.05,0.02,100
STRESS_0118,A3,-0.06,0,100
STRESS_0119,A2,-0.01,0.38,100
STRESS_0119,A2,-0.02,0.29,100
STRESS_0119,A2,-0.03,0.2,100
STRESS_0119,A2,-0.04,0.15,100
STRESS_0119,A2,-0.05,0.06,100
STRESS_0119,A2,-0.06,0.04,100
STRESS_0119,A3,-0.01,0.37,100
STRESS_0119,A3,-0.02,0.26,100
STRESS_0119,A3,-0.03,0.2,100
STRESS_0119,A3,-0.04,0.14,100
STRESS_0119,A3,-0.05,0.06,100
STRESS_0119,A3,-0.06,0.04,100
STRESS_0120,A2,-0.01,0.4,100
STRESS_0120,A2,-0.02,0.28,100
STRESS_0120,A2,-0.03,0.2,100
STRESS_0120,A2,-0.04,0.13,100
STRESS_0120,A2,-0.05,0.11,100
STRESS_0120,A2,-0.06,0.07,100
STRESS_0120,A3,-0.01,0.16,100
STRESS_0120,A3,-0.02,0.06,100
STRESS_0120,A3,-0.03,0.03,100
STRESS_0120,A3,-0.04,0.02,100
STRESS_0120,A3,-0.05,0.01,100
STRESS_0120,A3,-0.06,0.01,100
STRESS_0121,A2,-0.01,0.43,100
STRESS_0121,A2,-0.02,0.28,100
STRESS_0121,A2,-0.03,0.23,100
STRESS_0121,A2,-0.04,0.16,100
STRESS_0121,A2,-0.05,0.11,100
STRESS_0121,A2,-0.06,0.06,100
STRESS_0121,A3,-0.01,0.34,100
STRESS_0121,A3,-0.02,0.13,100
STRESS_0121,A3,-0.03,0.05,100
STRESS_0121,A3,-0.04,0.02,100
STRESS_0121,A3,-0.05,0.01,100
STRESS_0121,A3,-0.06,0,100
STRESS_0122,A2,-0.01,0.33,100
STRESS_0122,A2,-0.02,0.26,100
STRESS_0122,A2,-0.03,0.16,100
STRESS_0122,A2,-0.04,0.14,100
STRESS_0122,A2,-0.05,0.12,100
STRESS_0122,A2,-0.06,0.05,100
STRESS_0122,A3,-0.01,0.33,100
STRESS_0122,A3,-0.02,0.23,100
STRESS_0122,A3,-0.03,0.16,100
STRESS_0122,A3,-0.04,0.1,100
STRESS_0122,A3,-0.05,0.06,100
STRESS_0122,A3,-0.06,0.04,100
STRESS_0123,A2,-0.01,0.38,100
STRESS_0123,A2,-0.02,0.32,100
STRESS_0123,A2,-0.03,0.21,100
STRESS_0123,A2,-0.04,0.14,100
STRESS_0123,A2,-0.05,0.08,100
STRESS_0123,A2,-0.06,0.03,100
STRESS_0123,A3,-0.01,0.25,100
STRESS_0123,A3,-0.02,0.17,100
STRESS_0123,A3,-0.03,0.1,100
STRESS_0123,A3,-0.04,0.06,100
STRESS_0123,A3,-0.05,0.04,100
STRESS_0123,A3,-0.06,0.03,100
STRESS_0124,A2,-0.01,0.4,100
STRESS_0124,A2,-0.02,0.25,100
STRESS_0124,A2,-0.03,0.2,100
STRESS_0124,A2,-0.04,0.13,100
STRESS_0124,A2,-0.05,0.06,100
STRESS_0124,A2,-0.06,0.05,100
STRESS_0124,A3,-0.01,0.3,100
STRESS_0124,A3,-0.02,0.18,100
STRESS_0124,A3,-0.03,0.1,100
STRESS_0124,A3,-0.04,0.06,100
STRESS_0124,A3,-0.05,0.02,100
STRESS_0124,A3,-0.06,0.02,100
STRESS_0125,A2,-0.01,0.38,100
STRESS_0125,A2,-0.02,0.23,100
STRESS_0125,A2,-0.03,0.15,100
STRESS_0125,A2,-0.04,0.1,100
STRESS_0125,A2,-0.05,0.06,100
STRESS_0125,A2,-0.06,0.03,100
STRESS_0125,A3,-0.01,0.46,100
STRESS_0125,A3,-0.02,0.29,100
STRESS_0125,A3,-0.03,0.23,100
STRESS_0125,A3,-0.04,0.18,100
STRESS_0125,A3,-0.05,0.07,100
STRESS_0125,A3,-0.06,0.05,100
STRESS_0126,A2,-0.01,0.17,100
STRESS_0126,A2,-0.02,0.07,100
STRESS_0126,A2,-0.03,0.04,100
STRESS_0126,A2,-0.04,0.03,100
STRESS_0126,A2,-0.05,0.03,100
STRESS_0126,A2,-0.06,0.02,100
STRESS_0126,A3,-0.01,0.98,100
STRESS_0126,A3,-0.02,0.97,100
STRESS_0126,A3,-0.03,0.88,100
STRESS_0126,A3,-0.04,0.78,100
STRESS_0126,A3,-0.05,0.63,100
STRESS_0126,A3,-0.06,0.5,100
STRESS_0127,A2,-0.01,0.11,100
STRESS_0127,A2,-0.02,0.08,100
STRESS_0127,A2,-0.03,0.05,100
STRESS_0127,A2,-0.04,0.03,100
STRESS_0127,A2,-0.05,0.02,100
STRESS_0127,A2,-0.06,0,100
STRESS_0127,A3,-0.01,0.9,100
STRESS_0127,A3,-0.02,0.87,100
STRESS_0127,A3,-0.03,0.79,100
STRESS_0127,A3,-0.04,0.66,100
STRESS_0127,A3,-0.05,0.51,100
STRESS_0127,A3,-0.06,0.43,100
STRESS_0128,A2,-0.01,0.12,100
STRESS_0128,A2,-0.02,0.08,100
STRESS_0128,A2,-0.03,0.04,100
STRESS_0128,A2,-0.04,0.02,100
STRESS_0128,A2,-0.05,0.01,100
STRESS_0128,A2,-0.06,0.01,100
STRESS_0128,A3,-0.01,0.92,100
STRESS_0128,A3,-0.02,0.86,100
STRESS_0128,A3,-0.03,0.65,100
STRESS_0128,A3,-0.04,0.54,100
STRESS_0128,A3,-0.05,0.37,100
STRESS_0128,A3,-0.06,0.29,100
STRESS_0129,A2,-0.01,0.16,100
STRESS_0129,A2,-0.02,0.1,100
STRESS_0129,A2,-0.03,0.06,100
STRESS_0129,A2,-0.04,0.05,100
STRESS_0129,A2,-0.05,0.04,100
STRESS_0129,A2,-0.06,0.03,100
STRESS_0129,A3,-0.01,0.99,100
STRESS_0129,A3,-0.02,0.93,100
STRESS_0129,A3,-0.03,0.88,100
STRESS_0129,A3,-0.04,0.75,100
STRESS_0129,A3,-0.05,0.56,100
STRESS_0129,A3,-0.06,0.43,100
STRESS_0130,A2,-0.01,0.1,100
STRESS_0130,A2,-0.02,0.06,100
STRESS_0130,A2,-0.03,0.04,100
STRESS_0130,A2,-0.04,0.01,100
STRESS_0130,A2,-0.05,0,100
STRESS_0130,A2,-0.06,0,100
STRESS_0130,A3,-0.01,0.94,100
STRESS_0130,A3,-0.02,0.9,100
STRESS_0130,A3,-0.03,0.79,100
STRESS_0130,A3,-0.04,0.63,100
STRESS_0130,A3,-0.05,0.51,100
STRESS_0130,A3,-0.06,0.4,100
STRESS_0131,A2,-0.01,0.1,100
STRESS_0131,A2,-0.02,0.09,100
STRESS_0131,A2,-0.03,0.06,100
STRESS_0131,A2,-0.04,0.03,100
STRESS_0131,A2,-0.05,0.01,100
STRESS_0131,A2,-0.06,0,100
STRESS_0131,A3,-0.01,0.83,100
STRESS_0131,A3,-0.02,0.68,100
STRESS_0131,A3,-0.03,0.54,100
STRESS_0131,A3,-0.04,0.38,100
STRESS_0131,A3,-0.05,0.26,100
STRESS_0131,A3,-0.06,0.16,100
STRESS_0132,A2,-0.01,0.13,100
STRESS_0132,A2,-0.02,0.1,100
STRESS_0132,A2,-0.03,0.08,100
STRESS_0132,A2,-0.04,0.07,100
STRESS_0132,A2,-0.05,0.05,100
STRESS_0132,A2,-0.06,0.03,100
STRESS_0132,A3,-0.01,0.98,100
STRESS_0132,A3,-0.02,0.96,100
STRESS_0132,A3,-0.03,0.85,100
STRESS_0132,A3,-0.04,0.76,100
STRESS_0132,A3,-0.05,0.63,100
STRESS_0132,A3,-0.06,0.48,100
STRESS_0133,A2,-0.01,0.14,100
STRESS_0133,A2,-0.02,0.13,100
STRESS_0133,A2,-0.03,0.12,100
STRESS_0133,A2,-0.04,0.07,100
STRESS_0133,A2,-0.05,0.04,100
STRESS_0133,A2,-0.06,0.04,100
STRESS_0133,A3,-0.01,0.89,100
STRESS_0133,A3,-0.02,0.82,100
STRESS_0133,A3,-0.03,0.67,100
STRESS_0133,A3,-0.04,0.54,100
STRESS_0133,A3,-0.05,0.45,100
STRESS_0133,A3,-0.06,0.32,100
STRESS_0134,A2,-0.01,0.07,100
STRESS_0134,A2,-0.02,0.06,100
STRESS_0134,A2,-0.03,0.06,100
STRESS_0134,A2,-0.04,0.03,100
STRESS_0134,A2,-0.05,0.03,100
STRESS_0134,A2,-0.06,0.03,100
STRESS_0134,A3,-0.01,0.78,100
STRESS_0134,A3,-0.02,0.71,100
STRESS_0134,A3,-0.03,0.56,100
STRESS_0134,A3,-0.04,0.41,100
STRESS_0134,A3,-0.05,0.3,100
STRESS_0134,A3,-0.06,0.2,100
STRESS_0135,A2,-0.01,0.18,100
STRESS_0135,A2,-0.02,0.12,100
STRESS_0135,A2,-0.03,0.09,100
STRESS_0135,A2,-0.04,0.06,100
STRESS_0135,A2,-0.05,0.04,100
STRESS_0135,A2,-0.06,0.02,100
STRESS_0135,A3,-0.01,0.91,100
STRESS_0135,A3,-0.02,0.79,100
STRESS_0135,A3,-0.03,0.74,100
STRESS_0135,A3,-0.04,0.59,100
STRESS_0135,A3,-0.05,0.42,100
STRESS_0135,A3,-0.06,0.29,100
STRESS_0136,A2,-0.01,0.21,100
STRESS_0136,A2,-0.02,0.14,100
STRESS_0136,A2,-0.03,0.07,100
STRESS_0136,A2,-0.04,0.06,100
STRESS_0136,A2,-0.05,0.05,100
STRESS_0136,A2,-0.06,0.02,100
STRESS_0136,A3,-0.01,1,100
STRESS_0136,A3,-0.02,1,100
STRESS_0136,A3,-0.03,0.99,100
STRESS_0136,A3,-0.04,0.98,100
STRESS_0136,A3,-0.05,0.92,100
STRESS_0136,A3,-0.06,0.88,100
STRESS_0137,A2,-0.01,0.12,100
STRESS_0137,A2,-0.02,0.06,100
STRESS_0137,A2,-0.03,0.02,100
STRESS_0137,A2,-0.04,0.01,100
STRESS_0137,A2,-0.05,0.01,100
STRESS_0137,A2,-0.06,0.01,100
STRESS_0137,A3,-0.01,0.98,100
STRESS_0137,A3,-0.02,0.98,100
STRESS_0137,A3,-0.03,0.97,100
STRESS_0137,A3,-0.04,0.95,100
STRESS_0137,A3,-0.05,0.92,100
STRESS_0137,A3,-0.06,0.91,100
STRESS_0138,A2,-0.01,0.26,100
STRESS_0138,A2,-0.02,0.2,100
STRESS_0138,A2,-0.03,0.15,100
STRESS_0138,A2,-0.04,0.09,100
STRESS_0138,A2,-0.05,0.07,100
STRESS_0138,A2,-0.06,0.06,100
STRESS_0138,A3,-0.01,0.92,100
STRESS_0138,A3,-0.02,0.85,100
STRESS_0138,A3,-0.03,0.72,100
STRESS_0138,A3,-0.04,0.6,100
STRESS_0138,A3,-0.05,0.46,100
STRESS_0138,A3,-0.06,0.31,100
STRESS_0139,A2,-0.01,0.18,100
STRESS_0139,A2,-0.02,0.14,100
STRESS_0139,A2,-0.03,0.11,100
STRESS_0139,A2,-0.04,0.09,100
STRESS_0139,A2,-0.05,0.06,100
STRESS_0139,A2,-0.06,0.03,100
STRESS_0139,A3,-0.01,1,100
STRESS_0139,A3,-0.02,0.99,100
STRESS_0139,A3,-0.03,0.99,100
STRESS_0139,A3,-0.04,0.96,100
STRESS_0139,A3,-0.05,0.89,100
STRESS_0139,A3,-0.06,0.83,100
STRESS_0140,A2,-0.01,0.23,100
STRESS_0140,A2,-0.02,0.14,100
STRESS_0140,A2,-0.03,0.07,100
STRESS_0140,A2,-0.04,0.05,100
STRESS_0140,A2,-0.05,0.03,100
STRESS_0140,A2,-0.06,0.02,100
STRESS_0140,A3,-0.01,0.99,100
STRESS_0140,A3,-0.02,0.99,100
STRESS_0140,A3,-0.03,0.99,100
STRESS_0140,A3,-0.04,0.98,100
STRESS_0140,A3,-0.05,0.97,100
STRESS_0140,A3,-0.06,0.96,100
STRESS_0141,A2,-0.01,0.27,100
STRESS_0141,A2,-0.02,0.17,100
STRESS_0141,A2,-0.03,0.12,100
STRESS_0141,A2,-0.04,0.08,100
STRESS_0141,A2,-0.05,0.07,100
STRESS_0141,A2,-0.06,0.03,100
STRESS_0141,A3,-0.01,0.82,100
STRESS_0141,A3,-0.02,0.73,100
STRESS_0141,A3,-0.03,0.59,100
STRESS_0141,A3,-0.04,0.41,100
STRESS_0141,A3,-0.05,0.26,100
STRESS_0141,A3,-0.06,0.17,100
STRESS_0142,A2,-0.01,0.35,100
STRESS_0142,A2,-0.02,0.27,100
STRESS_0142,A2,-0.03,0.2,100
STRESS_0142,A2,-0.04,0.15,100
STRESS_0142,A2,-0.05,0.09,100
STRESS_0142,A2,-0.06,0.07,100
STRESS_0142,A3,-0.01,0.97,100
STRESS_0142,A3,-0.02,0.95,100
STRESS_0142,A3,-0.03,0.93,100
STRESS_0142,A3,-0.04,0.87,100
STRESS_0142,A3,-0.05,0.8,100
STRESS_0142,A3,-0.06,0.72,100
STRESS_0143,A2,-0.01,0.39,100
STRESS_0143,A2,-0.02,0.3,100
STRESS_0143,A2,-0.03,0.25,100
STRESS_0143,A2,-0.04,0.19,100
STRESS_0143,A2,-0.05,0.13,100
STRESS_0143,A2,-0.06,0.1,100
STRESS_0143,A3,-0.01,0.97,100
STRESS_0143,A3,-0.02,0.97,100
STRESS_0143,A3,-0.03,0.95,100
STRESS_0143,A3,-0.04,0.94,100
STRESS_0143,A3,-0.05,0.87,100
STRESS_0143,A3,-0.06,0.83,100
STRESS_0144,A2,-0.01,0.28,100
STRESS_0144,A2,-0.02,0.14,100
STRESS_0144,A2,-0.03,0.06,100
STRESS_0144,A2,-0.04,0.04,100
STRESS_0144,A2,-0.05,0.03,100
STRESS_0144,A2,-0.06,0,100
STRESS_0144,A3,-0.01,0.13,100
STRESS_0144,A3,-0.02,0.07,100
STRESS_0144,A3,-0.03,0.02,100
STRESS_0144,A3,-0.04,0.02,100
STRESS_0144,A3,-0.05,0.01,100
STRESS_0144,A3,-0.06,0,100
STRESS_0145,A2,-0.01,0.4,100
STRESS_0145,A2,-0.02,0.26,100
STRESS_0145,A2,-0.03,0.15,100
STRESS_0145,A2,-0.04,0.12,100
STRESS_0145,A2,-0.05,0.08,100
STRESS_0145,A2,-0.06,0.05,100
STRESS_0145,A3,-0.01,0.17,100
STRESS_0145,A3,-0.02,0.11,100
STRESS_0145,A3,-0.03,0.04,100
STRESS_0145,A3,-0.04,0,100
STRESS_0145,A3,-0.05,0,100
STRESS_0145,A3,-0.06,0,100
STRESS_0146,A2,-0.01,0.43,100
STRESS_0146,A2,-0.02,0.33,100
STRESS_0146,A2,-0.03,0.23,100
STRESS_0146,A2,-0.04,0.15,100
STRESS_0146,A2,-0.05,0.09,100
STRESS_0146,A2,-0.06,0.04,100
STRESS_0146,A3,-0.01,0.21,100
STRESS_0146,A3,-0.02,0.1,100
STRESS_0146,A3,-0.03,0.05,100
STRESS_0146,A3,-0.04,0.02,100
STRESS_0146,A3,-0.05,0,100
STRESS_0146,A3,-0.06,0,100
STRESS_0147,A2,-0.01,0.32,100
STRESS_0147,A2,-0.02,0.21,100
STRESS_0147,A2,-0.03,0.11,100
STRESS_0147,A2,-0.04,0.06,100
STRESS_0147,A2,-0.05,0.04,100
STRESS_0147,A2,-0.06,0.01,100
STRESS_0147,A3,-0.01,0.11,100
STRESS_0147,A3,-0.02,0.04,100
STRESS_0147,A3,-0.03,0.02,100
STRESS_0147,A3,-0.04,0,100
STRESS_0147,A3,-0.05,0,100
STRESS_0147,A3,-0.06,0,100
STRESS_0148,A2,-0.01,0.37,100
STRESS_0148,A2,-0.02,0.28,100
STRESS_0148,A2,-0.03,0.19,100
STRESS_0148,A2,-0.04,0.14,100
STRESS_0148,A2,-0.05,0.09,100
STRESS_0148,A2,-0.06,0.06,100
STRESS_0148,A3,-0.01,0.22,100
STRESS_0148,A3,-0.02,0.13,100
STRESS_0148,A3,-0.03,0.03,100
STRESS_0148,A3,-0.04,0.01,100
STRESS_0148,A3,-0.05,0,100
STRESS_0148,A3,-0.06,0,100
STRESS_0149,A2,-0.01,0.29,100
STRESS_0149,A2,-0.02,0.23,100
STRESS_0149,A2,-0.03,0.17,100
STRESS_0149,A2,-0.04,0.08,100
STRESS_0149,A2,-0.05,0.05,100
STRESS_0149,A2,-0.06,0.03,100
STRESS_0149,A3,-0.01,0.14,100
STRESS_0149,A3,-0.02,0.09,100
STRESS_0149,A3,-0.03,0.06,100
STRESS_0149,A3,-0.04,0.03,100
STRESS_0149,A3,-0.05,0.01,100
STRESS_0149,A3,-0.06,0.01,100
STRESS_0150,A2,-0.01,0.35,100
STRESS_0150,A2,-0.02,0.24,100
STRESS_0150,A2,-0.03,0.14,100
STRESS_0150,A2,-0.04,0.07,100
STRESS_0150,A2,-0.05,0.04,100
STRESS_0150,A2,-0.06,0.01,100
STRESS_0150,A3,-0.01,0.15,100
STRESS_0150,A3,-0.02,0.11,100
STRESS_0150,A3,-0.03,0.03,100
STRESS_0150,A3,-0.04,0,100
STRESS_0150,A3,-0.05,0,100
STRESS_0150,A3,-0.06,0,100
STRESS_0151,A2,-0.01,0.35,100
STRESS_0151,A2,-0.02,0.23,100
STRESS_0151,A2,-0.03,0.18,100
STRESS_0151,A2,-0.04,0.12,100
STRESS_0151,A2,-0.05,0.05,100
STRESS_0151,A2,-0.06,0.03,100
STRESS_0151,A3,-0.01,0.16,100
STRESS_0151,A3,-0.02,0.12,100
STRESS_0151,A3,-0.03,0.06,100
STRESS_0151,A3,-0.04,0.01,100
STRESS_0151,A3,-0.05,0,100
STRESS_0151,A3,-0.06,0,100
STRESS_0152,A2,-0.01,0.34,100
STRESS_0152,A2,-0.02,0.24,100
STRESS_0152,A2,-0.03,0.17,100
STRESS_0152,A2,-0.04,0.12,100
STRESS_0152,A2,-0.05,0.06,100
STRESS_0152,A2,-0.06,0.04,100
STRESS_0152,A3,-0.01,0.2,100
STRESS_0152,A3,-0.02,0.12,100
STRESS_0152,A3,-0.03,0.06,100
STRESS_0152,A3,-0.04,0.01,100
STRESS_0152,A3,-0.05,0,100
STRESS_0152,A3,-0.06,0,100
STRESS_0153,A2,-0.01,0.32,100
STRESS_0153,A2,-0.02,0.22,100
STRESS_0153,A2,-0.03,0.11,100
STRESS_0153,A2,-0.04,0.07,100
STRESS_0153,A2,-0.05,0.05,100
STRESS_0153,A2,-0.06,0.02,100
STRESS_0153,A3,-0.01,0.17,100
STRESS_0153,A3,-0.02,0.11,100
STRESS_0153,A3,-0.03,0.05,100
STRESS_0153,A3,-0.04,0.03,100
STRESS_0153,A3,-0.05,0.01,100
STRESS_0153,A3,-0.06,0.01,100
STRESS_0154,A2,-0.01,0.43,100
STRESS_0154,A2,-0.02,0.33,100
STRESS_0154,A2,-0.03,0.24,100
STRESS_0154,A2,-0.04,0.17,100
STRESS_0154,A2,-0.05,0.12,100
STRESS_0154,A2,-0.06,0.06,100
STRESS_0154,A3,-0.01,0.25,100
STRESS_0154,A3,-0.02,0.17,100
STRESS_0154,A3,-0.03,0.09,100
STRESS_0154,A3,-0.04,0.07,100
STRESS_0154,A3,-0.05,0.03,100
STRESS_0154,A3,-0.06,0.03,100
STRESS_0155,A2,-0.01,0.36,100
STRESS_0155,A2,-0.02,0.25,100
STRESS_0155,A2,-0.03,0.17,100
STRESS_0155,A2,-0.04,0.09,100
STRESS_0155,A2,-0.05,0.06,100
STRESS_0155,A2,-0.06,0.02,100
STRESS_0155,A3,-0.01,0.52,100
STRESS_0155,A3,-0.02,0.38,100
STRESS_0155,A3,-0.03,0.19,100
STRESS_0155,A3,-0.04,0.09,100
STRESS_0155,A3,-0.05,0.07,100
STRESS_0155,A3,-0.06,0.03,100
STRESS_0156,A2,-0.01,0.37,100
STRESS_0156,A2,-0.02,0.2,100
STRESS_0156,A2,-0.03,0.13,100
STRESS_0156,A2,-0.04,0.08,100
STRESS_0156,A2,-0.05,0.04,100
STRESS_0156,A2,-0.06,0.01,100
STRESS_0156,A3,-0.01,0.21,100
STRESS_0156,A3,-0.02,0.12,100
STRESS_0156,A3,-0.03,0.07,100
STRESS_0156,A3,-0.04,0.04,100
STRESS_0156,A3,-0.05,0.01,100
STRESS_0156,A3,-0.06,0.01,100
STRESS_0157,A2,-0.01,0.39,100
STRESS_0157,A2,-0.02,0.32,100
STRESS_0157,A2,-0.03,0.23,100
STRESS_0157,A2,-0.04,0.16,100
STRESS_0157,A2,-0.05,0.12,100
STRESS_0157,A2,-0.06,0.04,100
STRESS_0157,A3,-0.01,0.29,100
STRESS_0157,A3,-0.02,0.17,100
STRESS_0157,A3,-0.03,0.13,100
STRESS_0157,A3,-0.04,0.06,100
STRESS_0157,A3,-0.05,0.02,100
STRESS_0157,A3,-0.06,0.01,100
STRESS_0158,A2,-0.01,0.33,100
STRESS_0158,A2,-0.02,0.22,100
STRESS_0158,A2,-0.03,0.13,100
STRESS_0158,A2,-0.04,0.09,100
STRESS_0158,A2,-0.05,0.03,100
STRESS_0158,A2,-0.06,0.01,100
STRESS_0158,A3,-0.01,0.46,100
STRESS_0158,A3,-0.02,0.35,100
STRESS_0158,A3,-0.03,0.23,100
STRESS_0158,A3,-0.04,0.14,100
STRESS_0158,A3,-0.05,0.07,100
STRESS_0158,A3,-0.06,0.05,100
STRESS_0159,A2,-0.01,0.35,100
STRESS_0159,A2,-0.02,0.27,100
STRESS_0159,A2,-0.03,0.19,100
STRESS_0159,A2,-0.04,0.13,100
STRESS_0159,A2,-0.05,0.11,100
STRESS_0159,A2,-0.06,0.07,100
STRESS_0159,A3,-0.01,0.25,100
STRESS_0159,A3,-0.02,0.17,100
STRESS_0159,A3,-0.03,0.09,100
STRESS_0159,A3,-0.04,0.05,100
STRESS_0159,A3,-0.05,0.02,100
STRESS_0159,A3,-0.06,0,100
STRESS_0160,A2,-0.01,0.37,100
STRESS_0160,A2,-0.02,0.29,100
STRESS_0160,A2,-0.03,0.19,100
STRESS_0160,A2,-0.04,0.09,100
STRESS_0160,A2,-0.05,0.05,100
STRESS_0160,A2,-0.06,0.01,100
STRESS_0160,A3,-0.01,0.26,100
STRESS_0160,A3,-0.02,0.16,100
STRESS_0160,A3,-0.03,0.08,100
STRESS_0160,A3,-0.04,0.05,100
STRESS_0160,A3,-0.05,0.01,100
STRESS_0160,A3,-0.06,0,100
STRESS_0161,A2,-0.01,0.4,100
STRESS_0161,A2,-0.02,0.27,100
STRESS_0161,A2,-0.03,0.17,100
STRESS_0161,A2,-0.04,0.11,100
STRESS_0161,A2,-0.05,0.08,100
STRESS_0161,A2,-0.06,0.04,100
STRESS_0161,A3,-0.01,0.5,100
STRESS_0161,A3,-0.02,0.37,100
STRESS_0161,A3,-0.03,0.26,100
STRESS_0161,A3,-0.04,0.14,100
STRESS_0161,A3,-0.05,0.09,100
STRESS_0161,A3,-0.06,0.08,100
STRESS_0162,A2,-0.01,0.07,100
STRESS_0162,A2,-0.02,0.06,100
STRESS_0162,A2,-0.03,0.02,100
STRESS_0162,A2,-0.04,0.02,100
STRESS_0162,A2,-0.05,0,100
STRESS_0162,A2,-0.06,0,100
STRESS_0162,A3,-0.01,0.98,100
STRESS_0162,A3,-0.02,0.9,100
STRESS_0162,A3,-0.03,0.8,100
STRESS_0162,A3,-0.04,0.67,100
STRESS_0162,A3,-0.05,0.51,100
STRESS_0162,A3,-0.06,0.35,100
STRESS_0163,A2,-0.01,0.09,100
STRESS_0163,A2,-0.02,0.05,100
STRESS_0163,A2,-0.03,0.04,100
STRESS_0163,A2,-0.04,0.02,100
STRESS_0163,A2,-0.05,0,100
STRESS_0163,A2,-0.06,0,100
STRESS_0163,A3,-0.01,0.86,100
STRESS_0163,A3,-0.02,0.78,100
STRESS_0163,A3,-0.03,0.6,100
STRESS_0163,A3,-0.04,0.47,100
STRESS_0163,A3,-0.05,0.35,100
STRESS_0163,A3,-0.06,0.24,100
STRESS_0164,A2,-0.01,0.14,100
STRESS_0164,A2,-0.02,0.09,100
STRESS_0164,A2,-0.03,0.07,100
STRESS_0164,A2,-0.04,0.02,100
STRESS_0164,A2,-0.05,0.01,100
STRESS_0164,A2,-0.06,0,100
STRESS_0164,A3,-0.01,0.84,100
STRESS_0164,A3,-0.02,0.74,100
STRESS_0164,A3,-0.03,0.6,100
STRESS_0164,A3,-0.04,0.5,100
STRESS_0164,A3,-0.05,0.28,100
STRESS_0164,A3,-0.06,0.23,100
STRESS_0165,A2,-0.01,0.15,100
STRESS_0165,A2,-0.02,0.09,100
STRESS_0165,A2,-0.03,0.07,100
STRESS_0165,A2,-0.04,0.04,100
STRESS_0165,A2,-0.05,0.02,100
STRESS_0165,A2,-0.06,0.01,100
STRESS_0165,A3,-0.01,0.99,100
STRESS_0165,A3,-0.02,0.95,100
STRESS_0165,A3,-0.03,0.85,100
STRESS_0165,A3,-0.04,0.71,100
STRESS_0165,A3,-0.05,0.59,100
STRESS_0165,A3,-0.06,0.42,100
STRESS_0166,A2,-0.01,0.17,100
STRESS_0166,A2,-0.02,0.13,100
STRESS_0166,A2,-0.03,0.07,100
STRESS_0166,A2,-0.04,0.04,100
STRESS_0166,A2,-0.05,0.02,100
STRESS_0166,A2,-0.06,0.01,100
STRESS_0166,A3,-0.01,0.88,100
STRESS_0166,A3,-0.02,0.82,100
STRESS_0166,A3,-0.03,0.7,100
STRESS_0166,A3,-0.04,0.55,100
STRESS_0166,A3,-0.05,0.4,100
STRESS_0166,A3,-0.06,0.25,100
STRESS_0167,A2,-0.01,0.1,100
STRESS_0167,A2,-0.02,0.07,100
STRESS_0167,A2,-0.03,0.04,100
STRESS_0167,A2,-0.04,0.04,100
STRESS_0167,A2,-0.05,0.02,100
STRESS_0167,A2,-0.06,0.01,100
STRESS_0167,A3,-0.01,0.82,100
STRESS_0167,A3,-0.02,0.69,100
STRESS_0167,A3,-0.03,0.54,100
STRESS_0167,A3,-0.04,0.37,100
STRESS_0167,A3,-0.05,0.29,100
STRESS_0167,A3,-0.06,0.2,100
STRESS_0168,A2,-0.01,0.11,100
STRESS_0168,A2,-0.02,0.06,100
STRESS_0168,A2,-0.03,0.04,100
STRESS_0168,A2,-0.04,0.02,100
STRESS_0168,A2,-0.05,0.01,100
STRESS_0168,A2,-0.06,0,100
STRESS_0168,A3,-0.01,0.92,100
STRESS_0168,A3,-0.02,0.88,100
STRESS_0168,A3,-0.03,0.79,100
STRESS_0168,A3,-0.04,0.67,100
STRESS_0168,A3,-0.05,0.51,100
STRESS_0168,A3,-0.06,0.36,100
STRESS_0169,A2,-0.01,0.15,100
STRESS_0169,A2,-0.02,0.08,100
STRESS_0169,A2,-0.03,0.05,100
STRESS_0169,A2,-0.04,0.03,100
STRESS_0169,A2,-0.05,0.01,100
STRESS_0169,A2,-0.06,0.01,100
STRESS_0169,A3,-0.01,0.96,100
STRESS_0169,A3,-0.02,0.83,100
STRESS_0169,A3,-0.03,0.69,100
STRESS_0169,A3,-0.04,0.57,100
STRESS_0169,A3,-0.05,0.46,100
STRESS_0169,A3,-0.06,0.31,100
STRESS_0170,A2,-0.01,0.16,100
STRESS_0170,A2,-0.02,0.1,100
STRESS_0170,A2,-0.03,0.05,100
STRESS_0170,A2,-0.04,0.03,100
STRESS_0170,A2,-0.05,0.03,100
STRESS_0170,A2,-0.06,0,100
STRESS_0170,A3,-0.01,0.87,100
STRESS_0170,A3,-0.02,0.64,100
STRESS_0170,A3,-0.03,0.54,100
STRESS_0170,A3,-0.04,0.38,100
STRESS_0170,A3,-0.05,0.26,100
STRESS_0170,A3,-0.06,0.18,100
STRESS_0171,A2,-0.01,0.15,100
STRESS_0171,A2,-0.02,0.08,100
STRESS_0171,A2,-0.03,0.06,100
STRESS_0171,A2,-0.04,0.01,100
STRESS_0171,A2,-0.05,0.01,100
STRESS_0171,A2,-0.06,0,100
STRESS_0171,A3,-0.01,0.85,100
STRESS_0171,A3,-0.02,0.76,100
STRESS_0171,A3,-0.03,0.64,100
STRESS_0171,A3,-0.04,0.47,100
STRESS_0171,A3,-0.05,0.39,100
STRESS_0171,A3,-0.06,0.27,100
STRESS_0172,A2,-0.01,0.08,100
STRESS_0172,A2,-0.02,0.07,100
STRESS_0172,A2,-0.03,0.02,100
STRESS_0172,A2,-0.04,0.02,100
STRESS_0172,A2,-0.05,0.01,100
STRESS_0172,A2,-0.06,0,100
STRESS_0172,A3,-0.01,0.98,100
STRESS_0172,A3,-0.02,0.98,100
STRESS_0172,A3,-0.03,0.97,100
STRESS_0172,A3,-0.04,0.95,100
STRESS_0172,A3,-0.05,0.89,100
STRESS_0172,A3,-0.06,0.75,100
STRESS_0173,A2,-0.01,0.09,100
STRESS_0173,A2,-0.02,0.05,100
STRESS_0173,A2,-0.03,0.03,100
STRESS_0173,A2,-0.04,0.01,100
STRESS_0173,A2,-0.05,0.01,100
STRESS_0173,A2,-0.06,0.01,100
STRESS_0173,A3,-0.01,1,100
STRESS_0173,A3,-0.02,1,100
STRESS_0173,A3,-0.03,1,100
STRESS_0173,A3,-0.04,0.97,100
STRESS_0173,A3,-0.05,0.96,100
STRESS_0173,A3,-0.06,0.93,100
STRESS_0174,A2,-0.01,0.16,100
STRESS_0174,A2,-0.02,0.09,100
STRESS_0174,A2,-0.03,0.05,100
STRESS_0174,A2,-0.04,0.02,100
STRESS_0174,A2,-0.05,0.02,100
STRESS_0174,A2,-0.06,0.01,100
STRESS_0174,A3,-0.01,0.87,100
STRESS_0174,A3,-0.02,0.78,100
STRESS_0174,A3,-0.03,0.65,100
STRESS_0174,A3,-0.04,0.52,100
STRESS_0174,A3,-0.05,0.42,100
STRESS_0174,A3,-0.06,0.3,100
STRESS_0175,A2,-0.01,0.29,100
STRESS_0175,A2,-0.02,0.22,100
STRESS_0175,A2,-0.03,0.14,100
STRESS_0175,A2,-0.04,0.08,100
STRESS_0175,A2,-0.05,0.06,100
STRESS_0175,A2,-0.06,0.04,100
STRESS_0175,A3,-0.01,1,100
STRESS_0175,A3,-0.02,0.99,100
STRESS_0175,A3,-0.03,0.96,100
STRESS_0175,A3,-0.04,0.92,100
STRESS_0175,A3,-0.05,0.86,100
STRESS_0175,A3,-0.06,0.77,100
STRESS_0176,A2,-0.01,0.2,100
STRESS_0176,A2,-0.02,0.16,100
STRESS_0176,A2,-0.03,0.13,100
STRESS_0176,A2,-0.04,0.11,100
STRESS_0176,A2,-0.05,0.05,100
STRESS_0176,A2,-0.06,0.03,100
STRESS_0176,A3,-0.01,0.99,100
STRESS_0176,A3,-0.02,0.99,100
STRESS_0176,A3,-0.03,0.99,100
STRESS_0176,A3,-0.04,0.98,100
STRESS_0176,A3,-0.05,0.96,100
STRESS_0176,A3,-0.06,0.94,100
STRESS_0177,A2,-0.01,0.33,100
STRESS_0177,A2,-0.02,0.3,100
STRESS_0177,A2,-0.03,0.21,100
STRESS_0177,A2,-0.04,0.16,100
STRESS_0177,A2,-0.05,0.1,100
STRESS_0177,A2,-0.06,0.08,100
STRESS_0177,A3,-0.01,0.86,100
STRESS_0177,A3,-0.02,0.71,100
STRESS_0177,A3,-0.03,0.46,100
STRESS_0177,A3,-0.04,0.36,100
STRESS_0177,A3,-0.05,0.25,100
STRESS_0177,A3,-0.06,0.18,100
STRESS_0178,A2,-0.01,0.28,100
STRESS_0178,A2,-0.02,0.2,100
STRESS_0178,A2,-0.03,0.15,100
STRESS_0178,A2,-0.04,0.11,100
STRESS_0178,A2,-0.05,0.09,100
STRESS_0178,A2,-0.06,0.08,100
STRESS_0178,A3,-0.01,0.97,100
STRESS_0178,A3,-0.02,0.94,100
STRESS_0178,A3,-0.03,0.94,100
STRESS_0178,A3,-0.04,0.87,100
STRESS_0178,A3,-0.05,0.79,100
STRESS_0178,A3,-0.06,0.66,100
STRESS_0179,A2,-0.01,0.33,100
STRESS_0179,A2,-0.02,0.28,100
STRESS_0179,A2,-0.03,0.21,100
STRESS_0179,A2,-0.04,0.13,100
STRESS_0179,A2,-0.05,0.09,100
STRESS_0179,A2,-0.06,0.06,100
STRESS_0179,A3,-0.01,0.99,100
STRESS_0179,A3,-0.02,0.99,100
STRESS_0179,A3,-0.03,0.99,100
STRESS_0179,A3,-0.04,0.98,100
STRESS_0179,A3,-0.05,0.94,100
STRESS_0179,A3,-0.06,0.89,100
